photo_file,date_collected,date_source,stamp_id,stamp_text,retired,location_id,location_name,location_source,stamped_elsewhere,mail_type,needs_crop,uploaded_to_nptc,notes,original_file
20120812_sleeping-bear/20120812__ml2__00924.jpg,2012-08-12,trip_start,00924,Sleeping Bear Dunes Nat'l Lakeshore | Dune Center,,MI15,Sleeping Bear Dunes NL - Philip A Hart Visitor Center,file_name,,ml2,,Yes,,20120812 - Sleeping Bear/20200921_123630.jpg
20160527_hamilton-grange/20160527__ml2__00749.jpg,2016-05-27,trip_start,00749,"Hamilton Grange National Memorial | New York, NY",,NY12,Hamilton Grange NMEM - Visitor Center,only_station,,ml2,,Yes,stamp year hand-corrected to 2016,20160527 - Hamilton Grange/20201228_163140.jpg
20191215_carl-sandburg-home/20161127__ml2__00905.png,2016-11-27,filename,00905,"Carl Sandburg Home NHS | Flat Rock, NC",,NC21,Carl Sandburg Home NHS - Bookstore,file_name,,ml2,,Yes,,20191215 - Carl Sandburg/161127_carl_sandburg_home.png
20170630_gettysburg/20170630__ml2__00097.jpg,2017-06-30,trip_start,00097,"Gettysburg National Military Park | Gettysburg, PA",,PA11,Gettysburg NMP - Visitor Center - Information Desk,only_station,,ml2,,Yes,,20170630 - Gettysburg/gettysburg_cropped.jpg
20170701_delaware-water-gap/20170701__ml2__11084.jpg,2017-07-01,trip_start,11084,"Delaware Water Gap National Recreation Area | Millbrook Village, NJ",,NJ10,Delaware Water Gap NRA - Millbrook Village General Store,only_station,,ml2,,Yes,NPTC site lists this in Oct 2020; stamp reads JUL 01 17,20170701 - Delaware Water Gap/20201021_125750_cropped.jpg
20170918_minute-man/20170918__ml2__01991.jpg,2017-09-18,filename,01991,Minute Man NHP | Minute Man Visitor Center,,MA2,Minute Man NHP - Minute Man Visitor Center,only_station,,ml2,,Yes,stamp reads SEP 8 2017 (date band likely misset),20170918 - Minute Man National Park/170918_minute-man-nhp_minute-man-visitor-center.jpg
20170918_minute-man/20170918__ml2__01992.jpg,2017-09-18,filename,01992,Minute Man NHP | North Bridge Visitor Center,Yes,MA3,Minute Man NHP - North Bridge Visitor Center,only_station,,ml2,,Yes,,20170918_minute-man-national-park/20170918__mail__01992.jpg
20170918_minute-man/20170918__ml2__02453.jpg,2017-09-18,filename,02453,Freedom's Way National Heritage Area | MA-NH,,MA3,Minute Man NHP - North Bridge Visitor Center,only_station,,ml2,,Yes,,20170918 - Minute Man National Park/170918_freedoms-way-national-heritage-area_ma-nh.jpg
20170918_minute-man/20170918__ml2__06405.jpg,2017-09-18,filename,06405,Underground Railroad Freedom Network | Minute Man NHP,,MA2,Minute Man NHP - Minute Man Visitor Center,only_station,,ml2,,Yes,,20170918 - Minute Man National Park/170918_underground_railroad_freedom-minute_man_nhp.jpg
20180414_congaree/20180414__sc2__02357.png,2018-04-14,filename,02357,"Congaree National Park | Hopkins, SC",,SC2,Congaree NP - Harry Hampton Visitor Center,only_station,,,,Yes,,20180414 - Congaree National Park - Hopkins SC.png
20180517_national-park-travelers-club-member/20180517__ml3__04865.png,2018-05-17,filename,04865,National Park Travelers Club | Member,Yes,,,,,ml3,,Yes,"NPTC membership stamp, not a park cancellation",20180517 - National Park Travelers Club Member_180517.PNG
20180518-20180520_blue-ridge-mountains/20180518__nc16__00476.png,2018-05-18,filename,00476,Blue Ridge Parkway | Linville Falls,,NC16,Blue Ridge Parkway - Linville Falls Visitor Center,only_station,,,,Yes,,20180518_20 - Blue Ridge Mountains/180518_Blue Ridge Parkway - Linville Falls.png
20180518-20180520_blue-ridge-mountains/20180518__nc18__02678.png,2018-05-18,filename,02678,Blue Ridge Parkway | Museum of NC Minerals,,NC18,Blue Ridge Parkway - Museum of North Carolina Minerals,only_station,,,,Yes,,20180518_20 - Blue Ridge Mountains/180518_Blue Ridge Parkway - Museum of NC Minerals.png
20180518-20180520_blue-ridge-mountains/20180518__nc18__07809.png,2018-05-18,filename,07809,Overmountain Victory NHT | Blue Ridge Parkway,,NC18,Blue Ridge Parkway - Museum of North Carolina Minerals,only_station,,,,Yes,,20180518_20 - Blue Ridge Mountains/180518_Blue Ridge Parkway -  Overmountain Trail.png
20180518-20180520_blue-ridge-mountains/20180519__nc17__00478.png,2018-05-19,filename,00478,Blue Ridge Parkway | Craggy Gardens,,NC17,Blue Ridge Parkway - Craggy Gardens VC NC,only_station,,,,Yes,,20180518_20 - Blue Ridge Mountains/180519_Blue Ridge Parkway - Craggy Gardens.PNG
20180518-20180520_blue-ridge-mountains/20180520__nc125__15697.jpg,2018-05-20,filename,15697,MT. MITCHELL | NC STATE PARKS,,NC125,Mount Mitchell SP - Park Office (CLOSED UNTIL FURTHER NOTICE),only_station,,,,Yes,,20180518_20 - Blue Ridge Mountains/180520 - NC Passport - Mount Mitchell.jpg
20180608-20180610_boston/20180608__ma10__01010.png,2018-06-08,filename,01010,Boston National Historical Park | Freedom Trail,,MA10,Boston NHP - Charlestown Navy Yard Visitor Center,file_name,,,,Yes,,20180608_10 - Boston/180608_Boston National Historical Park - Freedom Trail (Charlestown Navy Yard VC).png
20180608-20180610_boston/20180608__ma10__03416.png,2018-06-08,filename,03416,Memento mori / [Burying Grounds] |,,MA10,Boston NHP - Charlestown Navy Yard Visitor Center,file_name,,,,Yes,"low confidence: image-only stamp, matched to Burying Grounds",20180608_10 - Boston/180608_Bonus - Burying Grounds (Charlestown Navy Yard VC).png
20180608-20180610_boston/20180608__ma10__03994.png,2018-06-08,filename,03994,Boston National Historical Park | USS Constitution,,MA10,Boston NHP - Charlestown Navy Yard Visitor Center,file_name,,,,Yes,,20180608_10 - Boston/180608_Boston National Historical Park - USS Constitution.png
20180608-20180610_boston/20180608__ma10__08124.png,2018-06-08,filename,08124,Boston National Historical Park | USS Cassin Young,,MA10,Boston NHP - Charlestown Navy Yard Visitor Center,only_station,,,,Yes,,20180608_10 - Boston/180608_Boston National Historical Park - USS Cassin Young.png
20180608-20180610_boston/20180608__ma10__09473.png,2018-06-08,filename,09473,Boston National Historical Park | Charlestown Navy Yard,,MA10,Boston NHP - Charlestown Navy Yard Visitor Center,only_station,,,,Yes,,20180608_10 - Boston/180608_Boston National Historical Park - Charlestown Navy Yard.png
20180608-20180610_boston/20180608__ma12__01012.png,2018-06-08,filename,01012,Boston National Historical Park | Bunker Hill,Yes,MA12,Boston NHP - Bunker Hill Museum,file_name,,,,Yes,not in NPTC map (likely retired): 'Boston NHP | Bunker Hill',20180608_10 - Boston/180608_Boston National Historical Park - Bunker Hill.png
20180608-20180610_boston/20180608__ma27__05967.png,2018-06-08,filename,05967,Underground Railroad Freedom Network | Boston African American NHS,,MA27,Boston African American NHS - Museum of African American History at the Abiel Smith School,file_name,,,,Yes,,20180608_10 - Boston/180608_Underground Railroad Freedom Network - Boston African American NHS (African American Museum).png
20180608-20180610_boston/20180608__ma51__01016.png,2018-06-08,filename,01016,Boston National Historical Park | Bunker Hill Monument,,MA51,Boston NHP - Ranger Station at Base of Bunker Hill Monument,file_name,,,,Yes,,20180608_10 - Boston/180608_Boston National Historical Park - Bunker Hill Monument.png
20180608-20180610_boston/20180608__ma63__03419.png,2018-06-08,filename,03419,[Faneuil Hall],,MA63,Boston NHP - Faneuil Hall Visitor Center,only_station,,,,Yes,"low confidence: grasshopper weathervane, matched to Faneuil Hall image stamp",20180608_10 - Boston/180608_Bonus - Grasshopper (Faneuil Hall).png
20180608-20180610_boston/20180608__ma67__03995.png,2018-06-08,filename,03995,Boston National Historical Park | USS Constitution Museum,,MA67,Boston NHP - USS Constitution Museum,only_station,,,,Yes,,20180608_10 - Boston/180608_Boston National Historical Park - USS Constitution Museum.png
20180608-20180610_boston/20180609__ma192__07846.png,2018-06-09,filename,07846,Boston National Historical Park | Dorchester Heights,,MA192,Boston NHP - Dorchester Heights Memorial,only_station,,,,Yes,,20180608_10 - Boston/180609_Boston National Historical Park - Dorchester Heights.png
20180608-20180610_boston/20180609__ma61__03991.png,2018-06-09,filename,03991,Boston National Historical Park | Old South Meeting House,,MA61,Boston NHP - Old South Meeting House,only_station,,,,Yes,,20180608_10 - Boston/180609_Boston National Historical Park - Old South Meeting House.png
20180608-20180610_boston/20180609__ma62__03992.png,2018-06-09,filename,03992,Boston National Historical Park | Old State House,,MA62,Boston NHP - Old State House Museum,only_station,,,,Yes,,20180608_10 - Boston/180609_Boston National Historical Park - Old State House.png
20180608-20180610_boston/20180609__ma63__01010.png,2018-06-09,filename,01010,Boston National Historical Park | Freedom Trail,,MA63,Boston NHP - Faneuil Hall Visitor Center,file_name,,,,Yes,,20180608_10 - Boston/180609_Boston National Historical Park - Freedom Trail (Faneuil Hall).png
20180608-20180610_boston/20180609__ma63__01011.png,2018-06-09,filename,01011,Boston National Historical Park | Faneuil Hall,,MA63,Boston NHP - Faneuil Hall Visitor Center,same_day,,,,Yes,,20180608_10 - Boston/180609_Boston National Historical Park - Faneuil Hall.png
20180608-20180610_boston/20180609__ma63__05964.png,2018-06-09,filename,05964,Boston African American NHS | African American Trail,,MA63,Boston NHP - Faneuil Hall Visitor Center,same_day,,,,Yes,,20180608_10 - Boston/180609_Boston African American NHS - African American Trail.png
20180608-20180610_boston/20180609__ma63__05967.png,2018-06-09,filename,05967,Underground Railroad Freedom Network | Boston African American NHS,,MA63,Boston NHP - Faneuil Hall Visitor Center,manual,,,,Yes,verified stamped at MA63 in 2018; the stamp may have moved since,20180608_10 - Boston/180609_Underground Railroad Freedom Network - Boston African American NHS (Old State House or Old South Meeting Place).png
20180608-20180610_boston/20180609__ma65__03990.png,2018-06-09,filename,03990,Boston National Historical Park | Old North Church,,MA65,Boston NHP - Old North Church Gift Shop,only_station,,,,Yes,,20180608_10 - Boston/180609_Boston National Historical Park - Old North Church.png
20180608-20180610_boston/20180609__ma65__04124.png,2018-06-09,filename,04124,"Old North Church | One if by Land, Two if by Sea",Yes,MA65,Boston NHP - Old North Church Gift Shop,file_name,,,,Yes,"not in NPTC map (likely retired): Old North Church lanterns 'One if by Land, Two if by Sea'","20180608_10 - Boston/180609_Bonus  - One if by Land, Two if by Sea (Old North Church).png"
20180608-20180610_boston/20180609__ma66__03993.png,2018-06-09,filename,03993,Boston National Historical Park | Paul Revere House,,MA66,Boston NHP - Paul Revere House,only_station,,,,Yes,,20180608_10 - Boston/180609_Boston National Historical Park - Paul Revere House.png
20180608-20180610_boston/20180610__ma28__01548.png,2018-06-10,filename,01548,"Boston Harbor Islands NRA | Boston, MA",,MA28,Boston Harbor Islands NRA - Long Wharf Kiosk,file_name,,,,Yes,station MA28 since retired,20180608_10 - Boston/180610_Boston Harbor Islands NRA - Boston MA (Long Wharf Kiosk).png
20180608-20180610_boston/20180610__ma48__04146.png,2018-06-10,filename,04146,Sea Glass Explorer | {Compass with ship in center},,MA48,Boston Harbor Islands NRA - Spectacle Island VC,only_station,,,,Yes,,20180608_10 - Boston/180610_Bonus  - Spectacle Island.png
20180608-20180610_boston/20180610__ma48__04524.png,2018-06-10,filename,04524,Boston Harbor Islands NRA | Spectacle Island,Yes,MA48,Boston Harbor Islands NRA - Spectacle Island VC,file_name,,,,Yes,not in NPTC map (likely retired): 'Boston Harbor Islands NRA | Spectacle Island'; active 13951 uses the new park name,20180608_10 - Boston/180610_Boston Harbor Islands NRA - Spectacle Island.png
20180814_dupont-state-forest/20180814__unknown__personal_dupont-state-forest.jpg,2018-08-14,filename,personal,"DUPONT | STATE RECREATIONAL FOREST, NC",,,DuPont State Recreational Forest,manual,,,,Yes,date from the Garmin visit 2018-08-14 and its position in the book (other visit: 2018-10-30),20180814_dupont-state-forest/20180814__unknown__personal_dupont-state-forest.jpg
20180825_great-smoky-mountains-cosby-mount-cammerer-with-pixel/20180825__tn17__00898.jpg,2018-08-25,stamp,00898,Appalachian National Scenic Trail | Maine to Georgia,,TN17,Great Smoky Mountains NP - Sugarlands Visitor Center NPS Information Desk,manual,,,,Yes,NPTC site has a cropped copy (Your Stamps PDF 2026-09-26); ID and AUG 25 2018 date confirmed from the site's image; collected at Sugarlands VC (TN17) in 2018; the map lists this stamp elsewhere now,20180929_30 - NC Mountains/IMG_20180930_202225062.jpg
20180825_great-smoky-mountains-cosby-mount-cammerer-with-pixel/20180825__tn17__02040.jpg,2018-08-25,stamp,02040,Great Smoky Mountains National Park | Sugarlands,Yes,TN17,Great Smoky Mountains NP - Sugarlands Visitor Center NPS Information Desk,manual,,,,Yes,"first logged as 00370 (stamped elsewhere); the crop shows retired 02040, logged under that id on NPTC",20180929_30 - NC Mountains/IMG_20180930_202225062.jpg
20180825_great-smoky-mountains-cosby-mount-cammerer-with-pixel/20180825__tn17__02471.jpg,2018-08-25,filename,02471,[bear] |,,TN17,Great Smoky Mountains NP - Sugarlands Visitor Center NPS Information Desk,manual,,,,Yes,collected at Sugarlands VC (TN17) in 2018; the map lists this stamp elsewhere now,20180825_gsmnp-cosby-campground-mount-cammerer-with-pixel/20180825__tn17__02471.jpg
20180825_great-smoky-mountains-cosby-mount-cammerer-with-pixel/20180825__tn17__04314.jpg,2018-08-25,filename,04314,[elk] |,,TN17,Great Smoky Mountains NP - Sugarlands Visitor Center NPS Information Desk,manual,,,,Yes,collected at Sugarlands VC (TN17) in 2018; the map lists this stamp elsewhere now,20180825_gsmnp-cosby-campground-mount-cammerer-with-pixel/20180825__tn17__04314.jpg
20180928-20180930_nc-mountains-mollys-30th-birthday/20180928__nc14__00479.jpg,2018-09-28,stamp,00479,Blue Ridge Parkway | Folk Art Center,,NC14,Blue Ridge Parkway - Folk Art Center NC,only_station,,,,Yes,NPTC site has a cropped copy (Your Stamps PDF 2026-09-26),20180929_30 - NC Mountains/IMG_20180930_202231344.jpg
20180928-20180930_nc-mountains-mollys-30th-birthday/20180928__nc17__00478.jpg,2018-09-28,stamp,00478,Blue Ridge Parkway | Craggy Gardens,,NC17,Blue Ridge Parkway - Craggy Gardens VC NC,only_station,,,,Yes,NPTC site has a cropped copy (Your Stamps PDF 2026-09-26),20180929_30 - NC Mountains/IMG_20180930_202225062.jpg
20180928-20180930_nc-mountains-mollys-30th-birthday/20180928__nc22__02090.jpg,2018-09-28,stamp,02090,Blue Ridge Parkway | NC - VA,,NC22,Blue Ridge Parkway - Visitor Center at Asheville NC,file_name,,,,Yes,NPTC site has a cropped copy (Your Stamps PDF 2026-09-26),20180929_30 - NC Mountains/IMG_20180930_202235392.jpg
20180928-20180930_nc-mountains-mollys-30th-birthday/20180930__nc81__08369.jpg,2018-09-30,photo,08369,PISGAH / NATIONAL FOREST | Forest Heritage / National Scenic Byway,,NC81,Pisgah NF - Pisgah Ranger Station / Visitor Center,manual,,,,Yes,NPTC site has a cropped copy (Your Stamps PDF 2026-09-26),20180929_30 - NC Mountains/IMG_20180930_202145289.jpg
20181013_doughton-park/20181013__nc55__02090.jpg,2018-10-13,filename,02090,Blue Ridge Parkway | NC - VA,,NC55,Blue Ridge Parkway - Doughton Park Visitor Center,file_name,,,,Yes,,20181013_doughton-park/20181013__nc55__02090.jpg
20181013_doughton-park/20181013__nc55__07863.jpg,2018-10-13,filename,07863,Blue Ridge Parkway | Doughton Park Visitor Center,,NC55,Blue Ridge Parkway - Doughton Park Visitor Center,file_name,,,,Yes,,20181013_doughton-park/20181013__nc55__07863.jpg
20181110-20181111_new-river-gorge/20181110__ml2__01191.jpg,2018-11-10,trip_start,01191,"New River Gorge National River | Thurmond, WV",,WV5,New River Gorge NP & Pres - Canyon Rim Visitor Center,only_station,,ml2,,Yes,,20181110_11 - New River Gorge/nrgnr_thurmond.jpg
20181110-20181111_new-river-gorge/20181110__ml2__05661.jpg,2018-11-10,trip_start,05661,New River Gorge NR | 1916 - 2016 / NPS Centennial,,,,,,ml2,,Yes,,20181110_11 - New River Gorge/nrgnr_nps_centennial.jpg
20181110-20181111_new-river-gorge/20181110__ml2__06264.jpg,2018-11-10,trip_start,06264,New River Gorge NR | 1986 - 2011 Passport 25th Anniversary,Yes,,,,,ml2,,Yes,,20181110_11 - New River Gorge/nrgnr_passport_25th.jpg
20181110-20181111_new-river-gorge/20181110__wv5__01188.jpg,2018-11-10,filename,01188,New River Gorge National River | Canyon Rim VC,,WV5,New River Gorge NP & Pres - Canyon Rim Visitor Center,file_name,,,,Yes,,20181110-20181111_new-river-gorge/20181110__wv5__01188.jpg
20181110-20181111_new-river-gorge/20181110__wv5__01662.jpg,2018-11-10,filename,01662,"National Coal Heritage Area | Fayette Station Road, WV",,WV5,New River Gorge NP & Pres - Canyon Rim Visitor Center,file_name,,,,Yes,,20181110-20181111_new-river-gorge/20181110__wv5__01662.jpg
20181110-20181111_new-river-gorge/20181110__wv5__05391.jpg,2018-11-10,filename,05391,National Parks of Southern West Virginia | WV,,WV5,New River Gorge NP & Pres - Canyon Rim Visitor Center,file_name,,,,Yes,,20181110-20181111_new-river-gorge/20181110__wv5__05391.jpg
20181110-20181111_new-river-gorge/20181111__ml2__01190.jpg,2018-11-11,stamp,01190,"New River Gorge National River | Grandview, WV",,,,,,ml2,,Yes,,20181110_11 - New River Gorge/nrgnr_grandview.jpg
20181215_guilford-courthouse/20181215__nc9__00301.png,2018-12-15,filename,00301,"Guilford Courthouse Nat'l Military Park | Greensboro, NC",,NC9,Guilford Courthouse NMP - Visitor Center,only_station,,,,Yes,,20181215 - Guilford Courthouse.png
20190417_southwest-florida/20190417__fl10__01017.png,2019-04-17,subfolder,01017,"Big Cypress National Preserve | Ochopee, FL",,FL10,Big Cypress NPRES - Nathaniel P. Reed Visitor Center,file_name,,,,Yes,,"20190417 - Florida/190417__FL10__Big_Cypress_National Preserve__Reed_Visitor_Center/Big Cypress National Preserve - Ochopee, FL.png"
20190417_southwest-florida/20190417__fl10__07681.png,2019-04-17,subfolder,07681,Big Cypress National Preserve | Swamp Welcome Center,,FL10,Big Cypress NPRES - Nathaniel P. Reed Visitor Center,file_name,,,,Yes,,20190417 - Florida/190417__FL10__Big_Cypress_National Preserve__Reed_Visitor_Center/Big Cypress National Preserve - Swamp Welcome Center.png
20190417_southwest-florida/20190417__fl10__07700.png,2019-04-17,filename,07700,[no text - image of leaping Florida Panther],Yes,FL10,Big Cypress NPRES - Nathaniel P. Reed Visitor Center,file_name,,,,Yes,,20190417_southwest-florida/20190417__fl10__07700.png
20190417_southwest-florida/20190417__fl10__07701.png,2019-04-17,filename,07701,[no text - 2 florida panther cubs],Yes,FL10,Big Cypress NPRES - Nathaniel P. Reed Visitor Center,file_name,,,,Yes,,20190417_southwest-florida/20190417__fl10__07701.png
20190417_southwest-florida/20190417__fl1__01290.png,2019-04-17,subfolder,01290,Big Cypress National Preserve | Florida NST,Yes,FL1,Big Cypress NPRES - Oasis Visitor Center,file_name,,,,Yes,,20190417 - Florida/190417__FL1__Big_Cypress_National Preserve__Oasis_Visitor_Center/Big Cypress National Preserve - Florida NST.png
20190417_southwest-florida/20190417__fl1__04965.png,2019-04-17,subfolder,04965,[alligator] |,,FL1,Big Cypress NPRES - Oasis Visitor Center,file_name,,,,Yes,,20190417 - Florida/190417__FL1__Big_Cypress_National Preserve__Oasis_Visitor_Center/Aligator.png
20190417_southwest-florida/20190418__fl16__00524.png,2019-04-18,subfolder,00524,"Everglades National Park | Gulf Coast, FL",,FL16,Everglades NP - Gulf Coast Visitor Center,file_name,,,,Yes,station FL16 since retired,20190417 - Florida/190418__Evergaldes__Gulf Coast/Gulf Coast.png
20190417_southwest-florida/20190418__fl16__02871.png,2019-04-18,filename,02871,[no text: manatee],Yes,FL16,Everglades NP - Gulf Coast Visitor Center,file_name,,,,Yes,station FL16 since retired,20190417_southwest-florida/20190418__fl16__02871.png
20190417_southwest-florida/20190418__fl16__02872.png,2019-04-18,filename,02872,[sea turtle swimming left],Yes,FL16,Everglades NP - Gulf Coast Visitor Center,file_name,,,,Yes,station FL16 since retired,20190417_southwest-florida/20190418__fl16__02872.png
20190417_southwest-florida/20190418__fl16__03019.png,2019-04-18,filename,03019,[no text: dolphin],Yes,FL16,Everglades NP - Gulf Coast Visitor Center,file_name,,,,Yes,station FL16 since retired,20190417_southwest-florida/20190418__fl16__03019.png
20190510-20190520_pacific-northwest/20190510__wa42__01363.jpg,2019-05-10,subfolder,01363,"Klondike Gold Rush NHP | Seattle, WA",,WA42,Klondike Gold Rush NHP - Seattle Visitor Center - Book Store,only_station,,,,Yes,re-photographed in 2024; replaces the low-res 2019 photo,20240614_24 - Pacific Northwest/cropped/2019-05-10_Klondike-Gold-Rush-NHP_Seattle-WA.jpg
20190510-20190520_pacific-northwest/20190510__wa42__04583.png,2019-05-10,subfolder,04583,[Prospector] | KLONDIKE / GOLD RUSH / NATIONAL HISTORICAL PARK,,WA42,Klondike Gold Rush NHP - Seattle Visitor Center - Book Store,only_station,,,,Yes,,20190510_20 Pacific Northwest/190510/Klondike Goldrush NHP - Vertical Hiker.png
20190510-20190520_pacific-northwest/20190510__wa42__05006.png,2019-05-10,subfolder,05006,[no text - image of bird in flight] |,,WA42,Klondike Gold Rush NHP - Seattle Visitor Center - Book Store,manual,,,,Yes,,20190510_20 Pacific Northwest/190510/Klondike Goldrush NHP - Swallow.png
20190510-20190520_pacific-northwest/20190510__wa42__05610.png,2019-05-10,subfolder,05610,Klondike Gold Rush NHP | 1916 - 2016 / NPS Centennial,,WA42,Klondike Gold Rush NHP - Seattle Visitor Center - Book Store,manual,,,,Yes,,20190510_20 Pacific Northwest/190510/Klondike Goldrush NHP - NPS Centenial.png
20190510-20190520_pacific-northwest/20190510__wa42__06209.png,2019-05-10,subfolder,06209,Klondike Gold Rush NHP | 1986-2011 | Passport 25th Anniversary,Yes,WA42,Klondike Gold Rush NHP - Seattle Visitor Center - Book Store,file_name,,,,Yes,,20190510_20 Pacific Northwest/190510/Klondike Goldrush NHP - Passport Anniversary.png
20190510-20190520_pacific-northwest/20190512__wa110__10570.jpg,2019-05-12,subfolder,10570,"Ebey's Landing National Historical Reserve | Coupeville, WA",,WA110,Ebey's Landing NHRES - Captain Whidbey Inn (BONUS ONLY),manual,,,,Yes,,20190510_20 Pacific Northwest/190512/Ebeys HNP - Coupeville.jpg
20190510-20190520_pacific-northwest/20190513__wa53__04877.png,2019-05-13,subfolder,04877,Olympic National Park | Port Angeles Visitor Center,,WA53,Olympic NP - Olympic National Park Visitor Center,only_station,,,,Yes,,20190510_20 Pacific Northwest/190513/Port Angeles.png
20190510-20190520_pacific-northwest/20190514__wa49__00214.png,2019-05-14,subfolder,00214,Olympic National Park | Hoh Rain Forest,Yes,WA49,Olympic NP - Hoh Rain Forest Visitor Center,file_name,,,,Yes,,20190510_20 Pacific Northwest/190514/Hoh River.png
20190510-20190520_pacific-northwest/20190514__wa49__02985.png,2019-05-14,subfolder,02985,[no text: slug facing left],Yes,WA49,Olympic NP - Hoh Rain Forest Visitor Center,file_name,,,,Yes,,20190510_20 Pacific Northwest/190514/Hoh - Slug.png
20190510-20190520_pacific-northwest/20190514__wa70__00199.png,2019-05-14,subfolder,00199,"Olympic National Park | Kalaloch, WA",,WA70,Olympic NP - Kalaloch Lodge Gift Shop,manual,,,,Yes,,20190510_20 Pacific Northwest/190514/Kalaloch.png
20190510-20190520_pacific-northwest/20190515__or23__05273.png,2019-05-15,subfolder,05273,Ice Age Floods Nat'l Geologic Trail | Multnomah Falls,,OR23,Columbia River Gorge NSA - USFS Information Center at Multnomah Falls Historic Lodge (Visitor Center),only_station,,,,Yes,,20190510_20 Pacific Northwest/190515/Multnomah Falls.png
20190510-20190520_pacific-northwest/20190515__or23__05841.png,2019-05-15,subfolder,05841,Multnomah Falls | Oregon,,OR23,Columbia River Gorge NSA - USFS Information Center at Multnomah Falls Historic Lodge (Visitor Center),only_station,,,,Yes,,20190510_20 Pacific Northwest/190515/Multnomah Falls - Picture.png
20190510-20190520_pacific-northwest/20190515__or23__05843.png,2019-05-15,subfolder,05843,[river and mountains] | COLUMBIA / RIVER GORGE / NATIONAL SCENIC AREA,,OR23,Columbia River Gorge NSA - USFS Information Center at Multnomah Falls Historic Lodge (Visitor Center),only_station,,,,Yes,,20190510_20 Pacific Northwest/190515/Multnomah Falls - CRG.png
20190510-20190520_pacific-northwest/20190515__or24__05283.png,2019-05-15,subfolder,05283,Ice Age Floods Nat’l Geologic Trail | ﻿Vista House﻿﻿,,OR24,Columbia River Gorge NSA - Vista House,only_station,,,,Yes,,20190510_20 Pacific Northwest/190515/Vista House.png
20190510-20190520_pacific-northwest/20190515__or24__05842.png,2019-05-15,subfolder,05842,COLUMBIA RIVER GORGE | VISTA HOUSE / * OREGON *,,OR24,Columbia River Gorge NSA - Vista House,only_station,,,,Yes,,20190510_20 Pacific Northwest/190515/Vista House - Picture.png
20190510-20190520_pacific-northwest/20190515__or4__01095.png,2019-05-15,subfolder,01095,Lewis & Clark Nat'l Historic Trail | Oregon,,OR4,Lewis and Clark NHP - Fort Clatsop Visitor Center,only_station,,,,Yes,,20190510_20 Pacific Northwest/190515/Lewis and Clark - NHT.png
20190510-20190520_pacific-northwest/20190515__or4__02619.png,2019-05-15,subfolder,02619,Lewis & Clark National Historical Park | Fort Clatsop - Oregon,,OR4,Lewis and Clark NHP - Fort Clatsop Visitor Center,only_station,,,,Yes,,20190510_20 Pacific Northwest/190515/Lewis and Clark - Fort Clastop.png
20190510-20190520_pacific-northwest/20190515__or4__04259.png,2019-05-15,subfolder,04259,"Lewis & Clark Nat'l & State Historical Parks | Dismal Nitch, WA",,OR4,Lewis and Clark NHP - Fort Clatsop Visitor Center,only_station,,,,Yes,,20190510_20 Pacific Northwest/190515/Lewis and Clark - Dismal.png
20190510-20190520_pacific-northwest/20190515__or4__07816.png,2019-05-15,subfolder,07816,Lewis & Clark Nat'l Historical Park | Salt Works - Oregon,Yes,OR4,Lewis and Clark NHP - Fort Clatsop Visitor Center,only_station,,,,Yes,,20190510_20 Pacific Northwest/190515/Lewis and Clark - Salt.png
20190510-20190520_pacific-northwest/20190515__wa27__01128.png,2019-05-15,subfolder,01128,Lewis and Clark National Historic Trail | Bonneville Lock and Dam,Yes,WA27,Bonneville Dam - Washington Shore Visitor Center,file_name,,,,Yes,,20190510_20 Pacific Northwest/190515/Bonneville - WA.png
20190510-20190520_pacific-northwest/20190515__wa27__03174.png,2019-05-15,subfolder,03174,Bonneville / Lock and Dam | [Picture of Dam with Leaping Salmon],,WA27,Bonneville Dam - Washington Shore Visitor Center,same_day,,,,Yes,,20190510_20 Pacific Northwest/190515/Bonneville - Picture.png
20190510-20190520_pacific-northwest/20190516__or3__03623.png,2019-05-16,subfolder,03623,"John Day Fossil Beds NM | Clarno Unit, OR",,OR3,John Day Fossil Beds NM - Thomas Condon Paleontology Center and Sheep Rock Unit Visitor Center,only_station,,,,Yes,,20190510_20 Pacific Northwest/190516 - John Day Clarno and Painted Hills/Clarno.png
20190510-20190520_pacific-northwest/20190516__or3__03765.png,2019-05-16,subfolder,03765,"John Day Fossil Beds NM | Painted Hills Unit, OR",,OR3,John Day Fossil Beds NM - Thomas Condon Paleontology Center and Sheep Rock Unit Visitor Center,same_day,,,,Yes,,20190510_20 Pacific Northwest/190516 - John Day Clarno and Painted Hills/Painted Hills.png
20190510-20190520_pacific-northwest/20190517__or3__03766.png,2019-05-17,subfolder,03766,"John Day Fossil Beds NM | Sheep Rock Unit, OR",,OR3,John Day Fossil Beds NM - Thomas Condon Paleontology Center and Sheep Rock Unit Visitor Center,only_station,,,,Yes,,20190510_20 Pacific Northwest/190517 - John Day Sheeps Rock/Sheeps Rock.png
20190510-20190520_pacific-northwest/20190518__or11__04247.png,2019-05-18,subfolder,04247,NEWBERRY NATIONAL / Lava Lands | VOLCANIC MONUMENT,,OR11,Newberry NVM USFS - Lava Lands Visitor Center,only_station,,,,Yes,,20190510_20 Pacific Northwest/190518 - Newberry/Newberry.png
20190524_golden-spike/20190524__ut3__02863.png,2019-05-24,trip_start,02863,PROMONTORY / MAY / 10 / 1869 | UTAH TERR.,,UT3,Golden Spike NHP - Visitor Center,only_station,,,,Yes,,20190524 - Golden Spike/Utah Terr.png
20190524_golden-spike/20190524__ut3__11043.png,2019-05-24,trip_start,11043,"Golden Spike NHP | Promontory, UT",,UT3,Golden Spike NHP - Visitor Center,only_station,,,,Yes,,20190524 - Golden Spike/Golden Spike.png
20190524_golden-spike/20190524__ut3__11196.png,2019-05-24,trip_start,11196,GOLDEN SPIKE / 1869 2019 | 150th / ANNIVERSARY / * NATIONAL HISTORICAL PARK *,,UT3,Golden Spike NHP - Visitor Center,only_station,,,,Yes,,20190524 - Golden Spike/150th Anniversary.png
20190525_capitol-reef/20190525__ut7__01180.png,2019-05-25,filename,01180,"Capitol Reef National Park | Torrey, UT",,UT7,Capitol Reef NP - Visitor Center,only_station,,,,Yes,,20190527 - Capitol Reef/Capitol Reef.png
20190605_cowpens/20190605__sc3__04163.png,2019-06-05,trip_start,04163,"Cowpens National Battlefield | Gaffney, SC",,SC3,Cowpens NB - Visitor Center,only_station,,,,Yes,,20190605 - Cowpens/2019-06-09 09_50_54-Photo - Google Photos.png
20190605_cowpens/20190605__sc3__09007.jpg,2019-06-05,trip_start,09007,Overmountain Victory NHT | Cowpens NB,,SC3,Cowpens NB - Visitor Center,only_station,,,,Yes,,20190605 - Cowpens/overmountain victory nht.jpg
20190810-20190817_new-england/20190811__me16__02111.png,2019-08-11,filename,02111,Acadia National Park | Village Green,Yes,ME16,Acadia NP - Village Green,file_name,,,,Yes,collected at Acadia Village Green (station no longer in the NPTC map),20190810_17 - New England/190811_Acadia - Village Green.png
20190810-20190817_new-england/20190811__me16__05940.png,2019-08-11,filename,05940,CELEBRATE OUR PAST / ACADIA / NATIONAL PARK | 1916 2016 / CENTENNIAL / INSPIRE OUR FUTURE,,ME16,Acadia NP - Village Green,file_name,,,,Yes,collected at Acadia Village Green (station no longer in the NPTC map),20190810_17 - New England/190811_Acadia - Village Green - Centennial.png
20190810-20190817_new-england/20190811__me16__10538.png,2019-08-11,filename,10538,[tick with check mark] |,,ME16,Acadia NP - Village Green,file_name,,,,Yes,collected at Acadia Village Green (station no longer in the NPTC map),20190810_17 - New England/190811_Acadia - Village Green - Tick.png
20190810-20190817_new-england/20190811__me2__00272.png,2019-08-11,filename,00272,"Acadia National Park | Bar Harbor, ME",,ME2,Acadia NP - Hulls Cove Visitor Center Park Store,file_name,,,,Yes,,20190810_17 - New England/190811_Acadia - Hulls Cove.png
20190810-20190817_new-england/20190812__me8__03664.png,2019-08-12,filename,03664,Acadia National Park | Cadillac Mountain,,ME8,Acadia NP - Cadillac Mountain Gift Shop,file_name,,,,Yes,,20190810_17 - New England/190812_Acadia - Cadillac Mountain.png
20190810-20190817_new-england/20190813__me4__03487.png,2019-08-13,filename,03487,Acadia National Park | Thompson Island,Yes,ME4,Acadia NP - Thompson Island Information Center [RETIRED],file_name,,,,Yes,,20190810_17 - New England/190813_Acadia - Thompson Island.png
20190810-20190817_new-england/20190817__ma5__02428.png,2019-08-17,filename,02428,"Longfellow House - Washington's Headquarters NHS | Cambridge, MA",,MA5,Longfellow House - Washington's Headquarters NHS - VC,file_name,,,,Yes,,20190810_17 - New England/190817_Longfellow - Washington - Cambridge MA.png
20190810-20190817_new-england/20190817__ma5__02923.png,2019-08-17,filename,02923,"I heard the bells on Christmas Day / Their old, familiar carols play, / And wild and sweet the words repeat / Of Peace on Earth,Goodwill to Men! | Henry Wadsworth Longfellow",Yes,MA5,Longfellow House - Washington's Headquarters NHS - VC,file_name,,,,Yes,,20190810_17 - New England/190817_Longfellow - Washington - Quotation - Christmas.png
20190810-20190817_new-england/20190817__ma5__02934.png,2019-08-17,filename,02934,"I breathed a song into the air, / it fell to earth, I know not where... / And the song, from beginning to end, / I found again / in the heart of a friend. | Henry Wadsworth Longfellow",Yes,MA5,Longfellow House - Washington's Headquarters NHS - VC,file_name,,,,Yes,,20190810_17 - New England/190817_Longfellow - Washington - Quotation - Friend.png
20190810-20190817_new-england/20190817__ma5__02935.png,2019-08-17,filename,02935,"The Love of learning, / the sequestered nooks, / And all the sweet / Serenity of books. / -Longfellow",Yes,MA5,Longfellow House - Washington's Headquarters NHS - VC,file_name,,,,Yes,,20190810_17 - New England/190817_Longfellow - Washington - Quotation - Serenity.png
20190810-20190817_new-england/20190817__ma5__05625.png,2019-08-17,filename,05625,Longfellow House-Washington's Headquarters NHS | 1916 - 2016 | NPS Centennial,Yes,MA5,Longfellow House - Washington's Headquarters NHS - VC,file_name,,,,Yes,,20190810_17 - New England/190817_Longfellow - Washington - NPS Centenial.png
20190810-20190817_new-england/20190817__ma5__06227.png,2019-08-17,filename,06227,Longfellow House Washington's Headquarters NHS | 1986 - 2011 | Passport 25th Anniversary,Yes,MA5,Longfellow House - Washington's Headquarters NHS - VC,file_name,,,,Yes,,20190810_17 - New England/190817_Longfellow - Washington - Passport 25th.png
20190810-20190817_new-england/20190817__ma5__11096.png,2019-08-17,filename,11096,Longfellow House - Washington's Headquarters NHS | Underground RR Freedom Network,,MA5,Longfellow House - Washington's Headquarters NHS - VC,file_name,,,,Yes,,20190810_17 - New England/190817_Longfellow - Washington - Underground RR.png
20191127_congaree/20191127__sc2__02357.png,2019-11-27,trip_start,02357,"Congaree National Park | Hopkins, SC",,SC2,Congaree NP - Harry Hampton Visitor Center,only_station,,,,Yes,,20191127 - Congaree/2019-11-29 15_53_23-Window.png
20191215_carl-sandburg-home/20191215__nc21__00905.png,2019-12-15,filename,00905,"Carl Sandburg Home NHS | Flat Rock, NC",,NC21,Carl Sandburg Home NHS - Bookstore,same_day,,,,Yes,stamp reads DEC 14 2019; file name says Dec 15,20191215 - Carl Sandburg/191215_carl_sandburg_home.png
20191215_carl-sandburg-home/20191215__nc21__03826.png,2019-12-15,filename,03826,FROM THE BOOKSTORE AT | CARL SANDBURG HOME NHS,,NC21,Carl Sandburg Home NHS - Bookstore,only_station,,,,Yes,,20191215 - Carl Sandburg/191215_carl_sandburg_book-store.png
20191215_carl-sandburg-home/20191215__nc21__09891.png,2019-12-15,filename,09891,Carl Sandburg Home / NATIONAL HISTORIC SITE / 1968-2018 | 50th,,NC21,Carl Sandburg Home NHS - Bookstore,only_station,,,,Yes,,20191215 - Carl Sandburg/191215_carl_sandburg_50.png
20191222-20191224_palm-springs/20191222__ca231__10886.png,2019-12-22,stamp,10886,SantaRosa & SanJacinto Mountains | NATIONAL MONUMENT,Yes,CA231,Santa Rosa and San Jacinto Mountains NM - Visitor Center,file_name,,,,Yes,,20191223 - Santa Rosa and San Jacinto/2019-12-25 16_12_04-Photo - Google Photos.png
20191222-20191224_palm-springs/20191224__ca3__00565.png,2019-12-24,filename,00565,"Joshua Tree National Park | Cottonwood, CA",,CA3,Joshua Tree NP - Cottonwood Visitor Center,only_station,,,,Yes,,20191224 - Joshua Tree/191224_Official.png
20191222-20191224_palm-springs/20191224__ca3__04115.png,2019-12-24,filename,04115,[Palm Tree 2],Yes,CA3,Joshua Tree NP - Cottonwood Visitor Center,file_name,,,,Yes,,20191224 - Joshua Tree/191224_Palm.png
20200822_shenandoah/20200822__va38__00378.jpg,2020-08-22,trip_start,00378,Shenandoah National Park | Big Meadows,,VA38,"Shenandoah NP - Harry F. Byrd, Sr. Visitor Center",only_station,,,,Yes,,20200822 - Shenandoah/20200823_084327_cropped.jpg
20200823_appomattox/20200823__va77__00432.jpg,2020-08-23,trip_start,00432,"Appomattox Court House NHP | Appomattox, VA",,VA77,Appomattox Court House NHP - Bookstore,file_name,,,,Yes,,20200823 - Appomattox/20200823_202017 - cropped.jpg
20200823_appomattox/20200823__va77__02816.jpg,2020-08-23,filename,02816,APPOMATTOX COURT HOUSE | NATIONAL HISTORICAL PARK,Yes,VA77,Appomattox Court House NHP - Bookstore,file_name,,,,Yes,,20200823_appomattox/20200823__va77__02816.jpg
20200908-20200909_great-smoky-mountains/20200908__nc13__02090.jpg,2020-09-08,trip_start,02090,Blue Ridge Parkway | NC - VA,,NC13,Great Smoky Mountains NP - Oconaluftee Visitor Center,file_name,,,,Yes,,20200908_09 - Great Smoky Mountain National Park/blue_ridge_parkway_cropped.jpg
20200908-20200909_great-smoky-mountains/20200909__nc13__07848.jpg,2020-09-09,stamp,07848,Trail of Tears NHT | North Carolina,Yes,NC13,Great Smoky Mountains NP - Oconaluftee Visitor Center,file_name,,,,Yes,,20200908_09 - Great Smoky Mountain National Park/trail_of_tears_cropped.jpg
20200908-20200909_great-smoky-mountains/20200909__nc13__09150.jpg,2020-09-09,stamp,09150,"Great Smoky Mountains National Park | Oconaluftee, NC",,NC13,Great Smoky Mountains NP - Oconaluftee Visitor Center,only_station,,,,Yes,,20200908_09 - Great Smoky Mountain National Park/gsmnp_visitor_center_cropped.jpg
20210928-20211007_hawaii/20210928__hi11__01259.jpg,2021-09-28,photo,01259,"USS Arizona Memorial | Pearl Harbor, HI",,HI11,Pearl Harbor NMEM - Visitor Center,only_station,,,,Yes,,20210928 - Pearl Harbor/pearl_harbor_hi-uss_arizona.jpg
20210928-20211007_hawaii/20210928__hi11__01840.jpg,2021-09-28,photo,01840,"USS Oklahoma Memorial | Pearl Harbor, HI",,HI11,Pearl Harbor NMEM - Visitor Center,only_station,,,,Yes,,20210928 - Pearl Harbor/pearl_harbor_hi-uss_oklahoma.jpg
20210928-20211007_hawaii/20210928__hi11__01841.jpg,2021-09-28,photo,01841,"USS Utah Memorial | Pearl Harbor, HI",,HI11,Pearl Harbor NMEM - Visitor Center,only_station,,,,Yes,,20210928 - Pearl Harbor/pearl_harbor_hi-uss_utah.jpg
20210928-20211007_hawaii/20210928__hi11__11265.jpg,2021-09-28,photo,11265,"Pearl Harbor National Memorial | Pearl Harbor, HI",,HI11,Pearl Harbor NMEM - Visitor Center,only_station,,,,Yes,,20210928 - Pearl Harbor/pearl_harbor_national_memorial_pearl_harbor.jpg
20210928-20211007_hawaii/20210928__hi11__11299.jpg,2021-09-28,photo,11299,"Honouliuli National Historic Site | Waipahu, HI",,HI11,Pearl Harbor NMEM - Visitor Center,only_station,,,,Yes,,20210928 - Pearl Harbor/honolulu_historic_national_site-waipahu.jpg
20210928-20211007_hawaii/20211001__hi9__05961.jpg,2021-10-01,filename,05961,"Hawai'i Volcanoes NP | Kilauea Visitor Center, HI",,HI9,Hawaii Volcanoes NP - Kilauea VC (Temp Closed),file_name,,,,Yes,,20210928-20211005_hawaii/20211001__hi9__05961.jpg
20210928-20211007_hawaii/20211005__hi3__11895.jpg,2021-10-05,trip_start,11895,Haleakalā National Park | Kīpahulu Visitor Center,Yes,HI3,Haleakala NP - Kipahulu Visitor Center,file_name,,,,Yes,,20211005 - Haleakala - Kipahulu District/IMG_0599_cropped.jpg
20210928-20211007_hawaii/20211007__hi5__11894.jpg,2021-10-07,filename,11894,Haleakalā National Park | Haleakalā Summit,Yes,HI5,Haleakala NP - Haleakala Visitor Center (Summit VC),file_name,,,,Yes,,20210928-20211005_hawaii/20211007__hi5__11894.jpg
20211017_blue-ridge-parkway-visitor-center/20211017__nc22__02090.jpg,2021-10-17,photo,02090,Blue Ridge Parkway | NC - VA,,NC22,Blue Ridge Parkway - Visitor Center at Asheville NC,same_day,,,,Yes,"stamped 2021-10-17, but the cancellation reads OCT 17 2022 (year band misset)",20211017 - Blue Ridge Parkway Visitor Center/blue-ridge-parkway_nc-va.jpg
20211017_blue-ridge-parkway-visitor-center/20211017__nc22__02206.jpg,2021-10-17,photo,02206,Blue Ridge Parkway | Visitor Center,,NC22,Blue Ridge Parkway - Visitor Center at Asheville NC,only_station,,,,Yes,,20211017 - Blue Ridge Parkway Visitor Center/blue-ridge-parkway_visitor-center.jpg
20211017_blue-ridge-parkway-visitor-center/20211017__nc22__07356.jpg,2021-10-17,photo,07356,"Blue Ridge National Heritage Area | Asheville, NC",,NC22,Blue Ridge Parkway - Visitor Center at Asheville NC,only_station,,,,Yes,,20211017 - Blue Ridge Parkway Visitor Center/blue-ridge-national-heritage-area_ashville-nc.jpg
20230129_saguaro/20230129__az1__00458.jpg,2023-01-29,filename,00458,Saguaro National Park | Rincon Mountain District,,AZ1,Saguaro NP - Rincon Mountain District - Visitor Center,file_name,,,,Yes,,20230129_saguaro/20230129__az1__00458.jpg
20230129_saguaro/20230129__az1__02808.jpg,2023-01-29,filename,02808,[ No text - picture of Saguaro Cactus with 3 arms],Yes,AZ1,Saguaro NP - Rincon Mountain District - Visitor Center,file_name,,,,Yes,,20230129_saguaro/20230129__az1__02808.jpg
20230129_saguaro/20230129__az1__12701.jpg,2023-01-29,filename,12701,Santa Cruz Valley National Heritage Area | Saguaro NP - East,Yes,AZ1,Saguaro NP - Rincon Mountain District - Visitor Center,file_name,,,,Yes,,20230129_saguaro/20230129__az1__12701.jpg
20230727-20230729_andrew-johnson-and-lake-james-state-park/20230727__tn12__00543.jpg,2023-07-27,filename,00543,"Andrew Johnson NHS | Greeneville, TN",,TN12,Andrew Johnson NHS - Visitor Center,file_name,,,,Yes,,20230727-20230729_andrew-johnson-and-lake-james-state-park/20230727__tn12__00543.jpg
20230727-20230729_andrew-johnson-and-lake-james-state-park/20230727__tn12__00546.jpg,2023-07-27,filename,00546,Andrew Johnson NHS | National Cemetery,,TN12,Andrew Johnson NHS - Visitor Center,file_name,,,,Yes,,20230727-20230729_andrew-johnson-and-lake-james-state-park/20230727__tn12__00546.jpg
20230727-20230729_andrew-johnson-and-lake-james-state-park/20230727__tn12__07787.jpg,2023-07-27,filename,07787,ANDREW JOHNSON NHS | TAILOR SHOP,,TN12,Andrew Johnson NHS - Visitor Center,file_name,,,,Yes,,20230727-20230729_andrew-johnson-and-lake-james-state-park/20230727__tn12__07787.jpg
20230727-20230729_andrew-johnson-and-lake-james-state-park/20230729__nc94__15688.jpg,2023-07-29,filename,15688,LAKE JAMES | NC STATE PARKS,,NC94,Lake James SP - Visitor Center,only_station,,,,Yes,,20230729 - Lake James State Park/20230729 - NC Passport.jpg
20230902_booker-t-washington-and-fairy-stone-state-park/20230902__unknown__personal_fairy-stone-state-park.jpg,2023-09-02,filename,personal,FAIRY STONE | VIRGINIA STATE PARKS,,,Fairy Stone SP,manual,,,,Yes,personal stamp on NPTC (VA state parks aren't in the master map),20230902_booker-t-washington-and-fairy-stone-state-park/20230902__unknown__unknown__fairy_stone_state_park.jpg
20230902_booker-t-washington-and-fairy-stone-state-park/20230902__va31__00695.jpg,2023-09-02,filename,00695,"Booker T. Washington National Monument | Hardy, VA",,VA31,Booker T Washington NM Visitor Center,file_name,,,,Yes,,20230902_booker-t-washington-and-fairy-stone-state-park/20230902__va31__00695.jpg
20231116-20231117_new-york-city/20231116__ny8__09191.jpg,2023-11-16,filename,09191,"Castle Clinton National Monument | New York, NY",,NY8,Castle Clinton NM - Bookstore,file_name,,,,Yes,,20231116_17 - New York City/20231116__castle_clinton_national_monument__new_york_ny.jpg
20231116-20231117_new-york-city/20231117__ny6__06932.jpg,2023-11-17,filename,06932,"Stonewall National Monument | New York, NY",,NY6,African Burial Ground NM Visitor Center,file_name,,,,Yes,,20231116_17 - New York City/20231117__stonewall_national_monument__new_york_ny.jpg
20231116-20231117_new-york-city/20231117__ny6__09223.jpg,2023-11-17,filename,09223,"African Burial Ground NM | New York, NY",,NY6,African Burial Ground NM Visitor Center,file_name,,,,Yes,,20231116_17 - New York City/20231117__african_burial_ground_nm__new_york_ny.jpg
20240324_fort-kearny-state-historical-park/20240324__ne22__10957.jpg,2024-03-24,filename,10957,"California NHT | Fort Kearney SHP, NE",,NE22,Fort Kearny SHP - Visitor Center,file_name,,,,Yes,,20240324_fort-kearny-state-historical-park/20240324__ne22__10957.jpg
20240324_fort-kearny-state-historical-park/20240324__ne22__10958.jpg,2024-03-24,filename,10958,"Pony Express NHT | Fort Kearney SHP, NE",,NE22,Fort Kearny SHP - Visitor Center,file_name,,,,Yes,,20240324_fort-kearny-state-historical-park/20240324__ne22__10958.jpg
20240324_fort-kearny-state-historical-park/20240324__ne22__11007.jpg,2024-03-24,filename,11007,"Oregon NHT | Fort Kearney SHP, NE",,NE22,Fort Kearny SHP - Visitor Center,file_name,,,,Yes,,20240324_fort-kearny-state-historical-park/20240324__ne22__11007.jpg
20240511_kings-mountain/20240511__sc8__00438.jpg,2024-05-11,filename,00438,"Kings Mountain National Military Park | Blacksburg, SC",,SC8,Kings Mountain NMP - Visitor Center,file_name,,,,Yes,,20240511_kings-mountain/20240511__sc8__00438.jpg
20240511_kings-mountain/20240511__sc8__13534.jpg,2024-05-11,filename,13534,Overmountain Victory NHT | Kings Mountain NMP,,SC8,Kings Mountain NMP - Visitor Center,file_name,,,,Yes,,20240511_kings-mountain/20240511__sc8__13534.jpg
20240607_waterrock-knob/20240607__nc15__00480.jpg,2024-06-07,filename,00480,Blue Ridge Parkway | Waterrock Knob,,NC15,Blue Ridge Parkway - Waterrock Knob VC NC,only_station,,,,Yes,,20240607 - Waterrock Knob/20240607__blue_ridge_parkway__waterrock_knob.jpg
20240607_waterrock-knob/20240607__nc15__09505.jpg,2024-06-07,filename,09505,MOUNTAINS-TO-SEA | NC STATE PARKS,,NC15,Blue Ridge Parkway - Waterrock Knob VC NC,same_day,,,,Yes,,20240607 - Waterrock Knob/20240607 - NC Passport - Mountain to Sea Trail.jpg
20240614-20240624_pacific-northwest/20240616__ml1__00887.jpg,2024-06-16,filename,00887,"North Cascades NP | Marblemount, WA",,WA36,North Cascades NP - Wilderness Information Center,only_station,,ml1,,Yes,,20240614-20240624_pacific-northwest/20240616__ml1__00887.jpg
20240614-20240624_pacific-northwest/20240616__ml1__00890.jpg,2024-06-16,filename,00890,"Ross Lake NRA | Marblemount, WA",,WA36,North Cascades NP - Wilderness Information Center,only_station,,ml1,,Yes,,20240614-20240624_pacific-northwest/20240616__ml1__00890.jpg
20240614-20240624_pacific-northwest/20240616__ml1__07900.jpg,2024-06-16,filename,07900,"Pacific Crest Trail | CA, OR, WA",,,,,,ml1,,Yes,,20240614-20240624_pacific-northwest/20240616__ml1__07900.jpg
20240614-20240624_pacific-northwest/20240616__ml1__08134.jpg,2024-06-16,filename,08134,Mt. Baker - / Snoqualmie / National Forest |,,,,,,ml1,,Yes,,20240614-20240624_pacific-northwest/20240616__ml1__08134.jpg
20240614-20240624_pacific-northwest/20240616__ml1__14635.jpg,2024-06-16,filename,14635,Mt Baker Snoqualmie NF | Mt Baker Ranger District,,WA14,Mt Baker-Snoqualmie NF - Sedro-Woolley NPS USFS Park and Forest Information Center,only_station,,ml1,,Yes,,20240614-20240624_pacific-northwest/20240616__ml1__14635.jpg
20240614-20240624_pacific-northwest/20240616__ml1__14636.jpg,2024-06-16,filename,14636,Ross Lake NRA | Sedro-Woolley,,WA14,Mt Baker-Snoqualmie NF - Sedro-Woolley NPS USFS Park and Forest Information Center,only_station,,ml1,,Yes,,20240614-20240624_pacific-northwest/20240616__ml1__14636.jpg
20240614-20240624_pacific-northwest/20240616__ml1__14637.jpg,2024-06-16,filename,14637,North Cascades NP | Sedro-Woolley,,WA14,Mt Baker-Snoqualmie NF - Sedro-Woolley NPS USFS Park and Forest Information Center,only_station,,ml1,,Yes,,20240614-20240624_pacific-northwest/20240616__ml1__14637.jpg
20240614-20240624_pacific-northwest/20240616__wa112__03567.jpg,2024-06-16,filename,03567,"Lake Chelan NRA | Stehekin, WA",,WA112,North Cascades NP - Skagit Information Center,file_name,,,,Yes,,20240614_24 - Pacific Northwest/cropped/2024-06-16_Lake-Chelan-NRA_Stehekin-WA.jpg
20240614-20240624_pacific-northwest/20240616__wa112__08270.jpg,2024-06-16,filename,08270,www.seattle.gov/light/tours/skagit / [mountains & dam] | SKAGIT / TOURS,,WA112,North Cascades NP - Skagit Information Center,only_station,,,,Yes,,20240614_24 - Pacific Northwest/cropped/misc_skagit-tours.jpg
20240614-20240624_pacific-northwest/20240616__wa37__00882.jpg,2024-06-16,filename,00882,"North Cascades NP | Newhalem, WA",,WA37,North Cascades NP - Visitor Center,same_day,,,,Yes,,20240614_24 - Pacific Northwest/cropped/2024-06-16_North-Cascades-NP_Newhalem-WA.jpg
20240614-20240624_pacific-northwest/20240616__wa37__00888.jpg,2024-06-16,filename,00888,"Ross Lake NRA | Newhalem, WA",,WA37,North Cascades NP - Visitor Center,same_day,,,,Yes,,20240614_24 - Pacific Northwest/cropped/2024-06-16_Ross-Lake-NRA_Newhalem-WA.jpg
20240614-20240624_pacific-northwest/20240616__wa37__02655.jpg,2024-06-16,filename,02655,"Lake Chelan NRA | Newhalem, WA",,WA37,North Cascades NP - Visitor Center,only_station,,,,Yes,,20240614_24 - Pacific Northwest/cropped/2024-06-16_Lake-Chelan-NRA_Newhalem-WA.jpg
20240614-20240624_pacific-northwest/20240616__wa37__14460.jpg,2024-06-16,filename,14460,"Pacific Crest NST | CA, OR, WA",,WA37,North Cascades NP - Visitor Center,same_day,,,,Yes,,20240614_24 - Pacific Northwest/cropped/2024-06-16_Pacific-Crest-NST_CA-OR-WA.jpg
20240614-20240624_pacific-northwest/20240617__wa6__03705.jpg,2024-06-17,filename,03705,Ebey's Landing | National Historical Reserve,,WA6,Ebey's Landing NHRES - Town of Coupeville WA Visitor Center,file_name,,,,Yes,,20240614_24 - Pacific Northwest/cropped/Misc_ebeys-landing_national_historic_reserve.jpg
20240614-20240624_pacific-northwest/20240617__wa6__05517.jpg,2024-06-17,filename,05517,Ebey's Landing NH RES | 1916 - 2016 / NPS Centennial,,WA6,Ebey's Landing NHRES - Town of Coupeville WA Visitor Center,file_name,,,,Yes,,20240614_24 - Pacific Northwest/cropped/1916-2016_Ebeys-Landing-NH-RES_NPS-Centennial.jpg
20240614-20240624_pacific-northwest/20240617__wa6__10570.jpg,2024-06-17,filename,10570,"Ebey's Landing National Historical Reserve | Coupeville, WA",,WA6,Ebey's Landing NHRES - Town of Coupeville WA Visitor Center,file_name,,,,Yes,,20240614_24 - Pacific Northwest/cropped/2024-06-17_beys-Landing-National-Historic-Preserve_Coupeville-WA.jpg
20240614-20240624_pacific-northwest/20240618__wa65__00203.jpg,2024-06-18,filename,00203,"OLYMPIC NATIONAL PARK | • SOLDUCK, WASH. •",,WA65,Olympic NP - Sol Duc Entrance Station,only_station,,,,Yes,undated stamp; date set by hand in the 2026-09 review,20240614_24 - Pacific Northwest/cropped/misc_Olympic-National-Park_Soldck-WASH.jpg
20240614-20240624_pacific-northwest/20240618__wa65__03816.jpg,2024-06-18,filename,03816,Olympic National Park | Eagle R.S.,,WA65,Olympic NP - Sol Duc Entrance Station,only_station,,,,Yes,,20240614_24 - Pacific Northwest/cropped/2024-06-18_Olmpic-National-Park_Eagle-RS.jpg
20240614-20240624_pacific-northwest/20240619__ml1__00200.jpg,2024-06-19,trip_start,00200,"Olympic National Park | Mora, WA",,WA50,Olympic NP - Mora Ranger Station,only_station,,ml1,,Yes,stamp reads JUN 19 2020 (year band likely misset),20240619 - Mora/mora_mora-wa.jpg
20240614-20240624_pacific-northwest/20240619__ml1__04876.jpg,2024-06-19,trip_start,04876,Olympic National Park | Mora Ranger Station,,WA50,Olympic NP - Mora Ranger Station,only_station,,ml1,,Yes,,20240619 - Mora/mora_station.jpg
20240614-20240624_pacific-northwest/20240619__ml1__14648.jpg,2024-06-19,trip_start,14648,[seal pup] |,,WA50,Olympic NP - Mora Ranger Station,only_station,,ml1,,Yes,,20240619 - Mora/mora_seal.jpg
20240614-20240624_pacific-northwest/20240619__ml1__14649.jpg,2024-06-19,trip_start,14649,[whale] |,,WA50,Olympic NP - Mora Ranger Station,only_station,,ml1,,Yes,,20240619 - Mora/mora_whale.jpg
20240614-20240624_pacific-northwest/20240619__wa49__13619.jpg,2024-06-19,filename,13619,Olympic National Park | Hoh Rain Forest Visitor Center,,WA49,Olympic NP - Hoh Rain Forest Visitor Center,only_station,,,,Yes,,20240614_24 - Pacific Northwest/cropped/2024-06-19_Olympic-National-Park_Ho-Rain-Forest-Visitor-Center.jpg
20240614-20240624_pacific-northwest/20240619__wa51__04875.jpg,2024-06-19,filename,04875,Olympic National Park | Kalaloch Ranger Station,,WA51,Olympic NP - Kalaloch Ranger Information Station,file_name,,,,Yes,,20240614-20240624_pacific-northwest/20240619__wa51__04875.jpg
20240614-20240624_pacific-northwest/20240619__wa52__12704.jpg,2024-06-19,filename,12704,Lake Crescent Lodge | Olympic National Park,,WA52,Olympic NP - Lake Crescent Lodge Registration Desk,only_station,,,,Yes,,20240614_24 - Pacific Northwest/cropped/2024-06-19_Lake-Crescent-Lodge_Olympic-National-Park.jpg
20240614-20240624_pacific-northwest/20240620__ml1__03014.jpg,2024-06-20,filename,03014,[bear paw print] | SMOKEY,,,,,,ml1,,Yes,,20240614-20240624_pacific-northwest/20240620__ml1__03014.jpg
20240614-20240624_pacific-northwest/20240620__wa16__03014.jpg,2024-06-20,filename,03014,[bear paw print] | SMOKEY,,WA16,Olympic NF - Quinault USFS NPS Ranger Station,file_name,,,,Yes,undated stamp; date set by hand in the 2026-09 review,20240614_24 - Pacific Northwest/cropped/misc_smokey.jpg
20240614-20240624_pacific-northwest/20240620__wa16__04878.jpg,2024-06-20,filename,04878,Olympic National Park | Quinault Ranger Station,,WA16,Olympic NF - Quinault USFS NPS Ranger Station,only_station,,,,Yes,,20240614_24 - Pacific Northwest/cropped/2024-06-20_Olympic-National-Park_Quinault-Ranger-Station.jpg
20240614-20240624_pacific-northwest/20240620__wa16__05046.jpg,2024-06-20,filename,05046,Olympic National Forest | Quinault Rain Forest,,WA16,Olympic NF - Quinault USFS NPS Ranger Station,only_station,,,,Yes,,20240614_24 - Pacific Northwest/cropped/misc_2024-06-20_olympic-national-forest_quinault.jpg
20240614-20240624_pacific-northwest/20240623__wa159__16072.jpg,2024-06-23,filename,16072,Hiram M. Chittenden Locks | U.S. Army / Corps of Engineers,,WA159,Hiram M. Chittenden-Visitor Center and Gift Shop,file_name,,,,Yes,,20240614-20240624_pacific-northwest/20240623__wa159__16072.jpg
20240614-20240624_pacific-northwest/20240623__wa159__16074.jpg,2024-06-23,filename,16074,HIRAM M. CHITTENDEN LOCKS / [salmon] | CENTENNIAL / 1917-2017 / #BallardLocks100,,WA159,Hiram M. Chittenden-Visitor Center and Gift Shop,file_name,,,,Yes,,20240614-20240624_pacific-northwest/20240623__wa159__16074.jpg
20240614-20240624_pacific-northwest/20240623__wa159__16075.jpg,2024-06-23,filename,16075,Hiram M. Chittenden Locks | [fishing boat],Yes,WA159,Hiram M. Chittenden-Visitor Center and Gift Shop,file_name,,,,Yes,,20240614-20240624_pacific-northwest/20240623__wa159__16075.jpg
20240711_western-nc/20240711__nc12__02093.jpg,2024-07-11,photo,02093,Great Smoky Mountains National Park | Clingmans Dome,,NC12,Great Smoky Mountains  NP -  Kuwohi Information Center and Store,manual,,,,Yes,low confidence: very faint impression,20240711 - Western NC/gsm_clingmans_dome.jpg
20240711_western-nc/20240711__nc13__09201.jpg,2024-07-11,photo,09201,"Trail of Tears NHT | Great Smoky Mountains NP - Oconaluftee, NC",,NC13,Great Smoky Mountains NP - Oconaluftee Visitor Center,only_station,,,,Yes,,20240711 - Western NC/trail_of_tears_cropped.jpg
20240711_western-nc/20240711__nc13__14062.jpg,2024-07-11,photo,14062,[elk head with antlers] |,,NC13,Great Smoky Mountains NP - Oconaluftee Visitor Center,same_day,,,,Yes,,20240711 - Western NC/elk_cropped.jpg
20240711_western-nc/20240711__nc25__12833.jpg,2024-07-11,photo,12833,"Great Smoky Mountains National Park | Deep Creek Campground, NC",,NC25,Great Smoky Mountains NP - Deep Creek Campground Check-In Station,only_station,,,,Yes,,20240711 - Western NC/deep_creek.jpg
20240711_western-nc/20240711__nc37__14482.jpg,2024-07-11,filename,14482,"Trail of Tears National Historic Trail | Qualla Boundary, Cherokee",,NC37,Museum of the Cherokee Indian,file_name,,,,Yes,,20240711_western-nc/20240711__nc37__14482.jpg
20240711_western-nc/20240711__nc41__04814.jpg,2024-07-11,photo,04814,"Great Smoky Mountains NP | Bryson City, NC",,NC41,Great Smoky Mountains NP - Swain County Heritage Museum & Visitor Center,only_station,,,,Yes,,20240711 - Western NC/Gsmnp_bryson-city.jpg
20240711_western-nc/20240711__nc47__11537.jpg,2024-07-11,photo,11537,Great Smoky Mountains National Park | Smokemont,,NC47,Great Smoky Mountains NP - Smokemont Campground Ranger Station,only_station,,,,Yes,,20240711 - Western NC/great_smoky_moutains_national_park-smokemont-20240711.jpg
20241102_lake-norman-state-park/20241102__nc117__15689.jpg,2024-11-02,trip_start,15689,LAKE NORMAN | NC STATE PARKS,,NC117,Lake Norman SP - Visitor Center,only_station,,,,Yes,,20241102 - Lake Norman State Park/NC Passport - Lake Norman.jpg
20241207_andrew-jackson-state-park/20241207__sc63__15807.jpg,2024-12-07,filename,15807,[Andrew Jackson SP logo] |,,SC63,Andrew Jackson SP - Kiosk in Office Parking Lot,only_station,,,,Yes,"collected in person on 2024-12-07 as a pre-stamped slip, taped in (not mailed)",20241207_andrew_jackson_state_park.jpg
20241214_moores-creek/20241214__nc1__09149.jpg,2024-12-14,filename,09149,"Moores Creek National Battlefield | Currie, NC",,NC1,Moores Creek NB - Visitor Center,only_station,,,,Yes,,20241214 - Moore's Creek Battlefield/2024-12-14_moores-creek-national-battlefield_currie-nc.jpg
20241214_moores-creek/20241214__nc1__13171.jpg,2024-12-14,filename,13171,Gullah Geechee National Heritage Corridor | Moores Creek NB,,NC1,Moores Creek NB - Visitor Center,only_station,,,,Yes,,20241214 - Moore's Creek Battlefield/2024-12-14_gullah-geecgee_moores-creek-nb.jpg
20250131-20250202_arkansas-little-rock-and-hot-springs/20250131__ar8__01677.jpg,2025-01-31,filename,01677,"Little Rock Central High School NHS | Little Rock, AR",,AR8,Little Rock Central High School NHS - Visitor Center,only_station,,,,Yes,"stamped 2025-01-31, but the cancellation reads JAN 30 2025 (date band misset)",20250131-0202 - Arkansas and Hot Springs National Park/20250130-little_rock_central_high_school_nhs-little_rock_ar.jpg
20250131-20250202_arkansas-little-rock-and-hot-springs/20250131__ar8__02700.jpg,2025-01-31,trip_start,02700,"CENTRAL HIGH SCHOOL NHS | LITTLE ROCK, AR",,AR8,Little Rock Central High School NHS - Visitor Center,only_station,,,,Yes,,20250131-0202 - Arkansas and Hot Springs National Park/central_high_school_nhs-little_rock_ar-school.jpg
20250131-20250202_arkansas-little-rock-and-hot-springs/20250131__ar8__05978.jpg,2025-01-31,trip_start,05978,LITTLE ROCK / [tiger] | CENTRAL HIGH SCHOOL,,AR8,Little Rock Central High School NHS - Visitor Center,only_station,,,,Yes,,20250131-0202 - Arkansas and Hot Springs National Park/little_rock_central_high_school_cat.jpg
20250131-20250202_arkansas-little-rock-and-hot-springs/20250201__ar13__00308.jpg,2025-02-01,filename,00308,"Hot Springs National Park | Hot Springs, AR",,AR13,Hot Springs NP - Lamar Bathhouse Row Emporium,file_name,,,,Yes,,20250131-0202 - Arkansas and Hot Springs National Park/20250201-hot_springs_national_park-hot_springs_ar.jpg
20250131-20250202_arkansas-little-rock-and-hot-springs/20250201__ar13__03592.jpg,2025-02-01,filename,03592,HOT SPRINGS | NATIONAL PARK,,AR13,Hot Springs NP - Lamar Bathhouse Row Emporium,only_station,,,,Yes,,20250131-0202 - Arkansas and Hot Springs National Park/hot_springs_national_park_tub.jpg
20250131-20250202_arkansas-little-rock-and-hot-springs/20250201__ar7__05042.jpg,2025-02-01,filename,05042,FORDYCE BATH HOUSE | HOT SPRINGS NATIONAL PARK,,AR7,Hot Springs NP - Fordyce Bathhouse Visitor Center,only_station,,,,Yes,,20250131-0202 - Arkansas and Hot Springs National Park/fordyce_bath_house-hot_springs_national_park-building.jpg
20250131-20250202_arkansas-little-rock-and-hot-springs/20250201__ar7__05970.jpg,2025-02-01,filename,05970,FORDYCE | * BATHHOUSE *,,AR7,Hot Springs NP - Fordyce Bathhouse Visitor Center,only_station,,,,Yes,,20250131-0202 - Arkansas and Hot Springs National Park/fordyce_bathhouse_tub.jpg
20250301_fort-pulaski/20250301__ga4__10943.jpg,2025-03-01,filename,10943,Fort Pulaski NM | Gullah-Geechee,,GA4,Fort Pulaski NM - Visitor Center,only_station,,,,Yes,,20250301 - Fort Pulaski/2025-03-01__fort_pulaski_nm__gullah-geechee.jpg
20250301_fort-pulaski/20250301__ga4__10949.jpg,2025-03-01,filename,10949,"Fort Pulaski NM | Cockspur Island, GA",,GA4,Fort Pulaski NM - Visitor Center,same_day,,,,Yes,,20250301 - Fort Pulaski/2025-03-01__fort_pulaski_nm__cockspur_island_ga.jpg
20250301_fort-pulaski/20250301__ga4__13760.jpg,2025-03-01,filename,13760,Fort Pulaski National Monument | Centennial 1924 - 2024,,GA4,Fort Pulaski NM - Visitor Center,same_day,,,,Yes,,20250301 - Fort Pulaski/2025-03-01__fort_pulaski_national_monument__centennial_1924-2024.jpg
20250301_fort-pulaski/20250301__ga4__14082.jpg,2025-03-01,filename,14082,Underground RR Network to Freedom | Fort Pulaski NM,,GA4,Fort Pulaski NM - Visitor Center,same_day,,,,Yes,,20250301 - Fort Pulaski/2025-03-01__undergreound_rr_network_to_freedom__fort_pulaski_nm.jpg
20250301_fort-pulaski/20250301__ga4__16332.jpg,2025-03-01,trip_start,16332,COCKSPUR ISLAND LIGHTHOUSE | FORT PULASKI NM,,GA4,Fort Pulaski NM - Visitor Center,same_day,,,,Yes,,20250301 - Fort Pulaski/cocckspur_island_lighthouse__fort_pulaski_nm.jpg
20250423_new-orleans/20250423__la1__09540.jpg,2025-04-23,photo,09540,"New Orleans Jazz NHP | New Orleans, LA",,LA1,Jean Lafitte NHP&P and New Orleans Jazz NHP - French Quarter VC,only_station,,,,Yes,,20250421-24 - New Orleans/new_orleans_jazz_nhp_new_orleans.jpg
20250423_new-orleans/20250423__la1__12549.jpg,2025-04-23,photo,12549,NEW ORLEANS / Jazz | NATIONAL HISTORICAL PARK,,LA1,Jean Lafitte NHP&P and New Orleans Jazz NHP - French Quarter VC,only_station,,,,Yes,,20250421-24 - New Orleans/new_orleans_jazz_nhp.jpg
20250423_new-orleans/20250423__la1__12551.jpg,2025-04-23,photo,12551,"Jean Lafitte NHP & Pres - French Quarter | New Orleans, LA",,LA1,Jean Lafitte NHP&P and New Orleans Jazz NHP - French Quarter VC,only_station,,,,Yes,,20250421-24 - New Orleans/jean_lafitte_nhp_and_pres_french_quarter_new_orleans.jpg
20250423_new-orleans/20250423__la1__16403.jpg,2025-04-23,photo,16403,FRENCH / QUARTER |,,LA1,Jean Lafitte NHP&P and New Orleans Jazz NHP - French Quarter VC,only_station,,,,Yes,,20250421-24 - New Orleans/french_quarter.jpg
20250507-20250509_richmond/20250507__va26__00383.jpg,2025-05-07,filename,00383,"Petersburg National Battlefield | Petersburg, VA",,VA26,Petersburg NB - Eastern Front Visitor Center,only_station,,,,Yes,,20250507_09 - Richmond/2025-05-07_petersburg-national-battlefield_petersburg-va.jpg
20250507-20250509_richmond/20250507__va26__00386.jpg,2025-05-07,filename,00386,"Poplar Grove National Cemetery | Petersburg, VA",,VA26,Petersburg NB - Eastern Front Visitor Center,same_day,,,,Yes,,20250507_09 - Richmond/2025-05-07_poplar-grove-national-cemetary_petersburg-va.jpg
20250507-20250509_richmond/20250507__va26__12433.jpg,2025-05-07,filename,12433,Petersburg NB | Grants Headquarters at City Point,,VA26,Petersburg NB - Eastern Front Visitor Center,same_day,,,,Yes,,20250507_09 - Richmond/2025-05-07_petersburg-nb_grants-headquarters.jpg
20250507-20250509_richmond/20250507__va26__14079.jpg,2025-05-07,filename,14079,US Colored Troops Historic Trail | Petersburg NB,,VA26,Petersburg NB - Eastern Front Visitor Center,only_station,,,,Yes,,20250507_09 - Richmond/2025-05-07_us-colorer-troops-historic-trail_petersburg.jpg
20250507-20250509_richmond/20250508__va18__00554.jpg,2025-05-08,filename,00554,"Richmond NBP | Cold Harbor, VA",,VA18,Richmond NBP - Cold Harbor Visitor Center,only_station,,,,Yes,,20250507_09 - Richmond/2025-05-08_richmond-nbp_cold-hardbor-va.jpg
20250507-20250509_richmond/20250508__va18__04345.jpg,2025-05-08,filename,04345,"Richmond NBP - Rural Plains | Hanover County, VA",,VA18,Richmond NBP - Cold Harbor Visitor Center,same_day,,,,Yes,,20250507_09 - Richmond/2025-05-08_richmond-nbp-rural-plains_hanover-quarry-va.jpg
20250507-20250509_richmond/20250508__va4__00555.jpg,2025-05-08,filename,00555,"Richmond National Battlefield Park | Fort Harrison, VA",,VA4,Richmond NBP - Chimborazo Medical Museum,same_day,,,,Yes,low confidence: text illegible; ID taken from the file name,20250507_09 - Richmond/2025-05-08_richmond-national-battlefield-park_fort-harrison.jpg
20250507-20250509_richmond/20250508__va4__00557.jpg,2025-05-08,filename,00557,Richmond NBP | Chimborazo Museum,,VA4,Richmond NBP - Chimborazo Medical Museum,only_station,,,,Yes,,20250507_09 - Richmond/2025-05-08_richmond-nbp_chimboraza-museum.jpg
20250507-20250509_richmond/20250508__va4__02421.jpg,2025-05-08,filename,02421,"Richmond National Battlefield Park | Malvern Hill, VA",,VA4,Richmond NBP - Chimborazo Medical Museum,only_station,,,,Yes,,20250507_09 - Richmond/2025-05-08_richmond-national-battlefield-park_malvern-hill-va.jpg
20250507-20250509_richmond/20250509__va15__01085.jpg,2025-05-09,filename,01085,"Maggie L. Walker NHS | Richmond, VA",,VA15,Maggie L Walker NHS - VC,only_station,,,,Yes,,20250507_09 - Richmond/2025-05-09_maggie-walker-nhs_richmond-va.jpg
20250612_san-francisco/20250612__ca196__05193.jpg,2025-06-12,filename,05193,"Golden Gate NRA - Presidio | San Francisco, CA",,CA196,"Golden Gate NRA - William Penn Mott, Jr. Presidio Visitor Center",only_station,,,,Yes,,20250612 - San Fransisco/2025-06-12__golden-gate-nra-presidio__san-francisco-ca.jpg
20250612_san-francisco/20250612__ca196__09218.jpg,2025-06-12,filename,09218,Golden Gate National Recreation Area | Crissy Field,,CA196,"Golden Gate NRA - William Penn Mott, Jr. Presidio Visitor Center",only_station,,,,Yes,,20250612 - San Fransisco/2025-06-12__golden-gate-national-recreation-area__crissy-field.jpg
20250612_san-francisco/20250612__ca196__11564.jpg,2025-06-12,trip_start,11564,"LIGHTHOUSE / 1966-PRESENT | MILE ROCKS / San Francisco, CA",,CA196,"Golden Gate NRA - William Penn Mott, Jr. Presidio Visitor Center",file_name,,,,Yes,,20250612 - San Fransisco/Lighthouse 1966 - Present - Mile Rocks.jpg
20250612_san-francisco/20250612__ca196__11567.jpg,2025-06-12,trip_start,11567,"LIGHTHOUSE / 1906 1966 | MILE ROCKS / San Francisco, CA",,CA196,"Golden Gate NRA - William Penn Mott, Jr. Presidio Visitor Center",file_name,,,,Yes,,20250612 - San Fransisco/Lighthouse 1906 - 1966 Mile Rocks.jpg
20250612_san-francisco/20250612__ca196__13137.jpg,2025-06-12,trip_start,13137,Golden Gate National Recreation Area | 1972 - 2022 / 50th Anniversary,,CA196,"Golden Gate NRA - William Penn Mott, Jr. Presidio Visitor Center",manual,,,,Yes,,20250612 - San Fransisco/1972-2022__golden-gate-national-recreation-area__50th-anniversary.jpg
20250612_san-francisco/20250612__ca196__13475.jpg,2025-06-12,filename,13475,"Juan Baustista de Anza NHT | San Francisco, CA",Yes,CA196,"Golden Gate NRA - William Penn Mott, Jr. Presidio Visitor Center",file_name,,,,Yes,,20250612 - San Fransisco/2025-06-12__juan-baustista-de-anza-nht__san-francisco-ca.jpg
20250612_san-francisco/20250612__ca49__02880.jpg,2025-06-12,trip_start,02880,[Fort Point NHS] | [Fort Point],,CA49,Fort Point NHS - Bookstore,only_station,,,,Yes,low confidence: image-only Fort Point stamp,20250612 - San Fransisco/Fort Point.jpg
20250612_san-francisco/20250612__ca49__05071.jpg,2025-06-12,filename,05071,"Golden Gate NRA - Fort Point | San Francisco, CA",,CA49,Fort Point NHS - Bookstore,only_station,,,,Yes,,20250612 - San Fransisco/2025-06-12__golden-gate-nra-fort-point__san-francisco-ca.jpg
20250612_san-francisco/20250612__ca49__11494.jpg,2025-06-12,filename,11494,"Fort Point National Historic Site | San Francisco, CA",,CA49,Fort Point NHS - Bookstore,only_station,,,,Yes,low confidence: smudged; ID confirmed by file name,20250612 - San Fransisco/2025-06-12__fort-point-national-historic-site__san-francisco-ca.jpg
20250612_san-francisco/20250612__ca49__14104.jpg,2025-06-12,filename,14104,"Juan Baustista de Anza NHT - Fort Point | San Francisco, CA",Yes,CA49,Fort Point NHS - Bookstore,only_station,,,,Yes,,20250612 - San Fransisco/2025-06-12__juan-baustata-de-anza-nht-fort-point__san-francisco-ca.jpg
20250612_san-francisco/20250612__ca67__00148.jpg,2025-06-12,trip_start,00148,[San Francisco Maritime NHP] | [clipper ship],,CA67,San Francisco Maritime NHP - Aquatic Park Bathhouse Building Maritime Museum,file_name,,,,Yes,,20250612 - San Fransisco/Maritime Museum Ship.jpg
20250612_san-francisco/20250612__ca67__14645.jpg,2025-06-12,filename,14645,"San Francisco Maritime National Historical Park | San Francisco, California",,CA67,San Francisco Maritime NHP - Aquatic Park Bathhouse Building Maritime Museum,file_name,,,,Yes,,20250612 - San Fransisco/2025-06-12__san-francisco-maritime-national-historic-park__san-francisco-ca.jpg
20250612_san-francisco/20250612__ca8__00986.jpg,2025-06-12,filename,00986,"Golden Gate National Recreation Area | San Francisco, CA",,CA8,Golden Gate NRA - Crissy Field Warming Hut,only_station,,,,Yes,,20250612 - San Fransisco/2025-06-12__golden-gate-national-recreation-area__san-francisco-ca.jpg
20250612_san-francisco/20250612__ca8__11701.jpg,2025-06-12,filename,11701,Golden Gate National Recreation Area | Presidio of San Francisco,,CA8,Golden Gate NRA - Crissy Field Warming Hut,only_station,,,,Yes,,20250612 - San Fransisco/2025-06-12__golden-gate-national-recreation-area__presidio-of-san-francisco.jpg
20250612_san-francisco/20250612__ca8__12566.jpg,2025-06-12,filename,12566,"Golden Gate National Recreation Area | Crissy Field, San Francisco",,CA8,Golden Gate NRA - Crissy Field Warming Hut,only_station,,,,Yes,,20250612 - San Fransisco/2025-06-12__golden-gate-national-recreation-area__crissy-field-san-francisco.jpg
20250703_rocky-mountain/20250703__co32__16760.jpg,2025-07-03,filename,16760,ROCKY MTN NAT'L PARK | BEAVER MEADOWS VISITOR CTR,,CO32,Rocky Mountain NP - Beaver Meadows VC,only_station,,,,Yes,,20250703 - Rocky Mountain National Park/2025-07-03__rocky-mtn-natl-park__beaver-meadows-visitor-ctr.jpg
20250703_rocky-mountain/20250703__co40__12772.jpg,2025-07-03,filename,12772,Rocky Mountain National Park | Bear Lake,,CO40,Rocky Mountain NP - Bear Lake Ranger Station,only_station,,,,Yes,,20250703 - Rocky Mountain National Park/2025-07-03__rocky-mtn-natl-park__bear-lake-picture.jpg
20250703_rocky-mountain/20250703__co40__14405.jpg,2025-07-03,filename,14405,Rocky Mountain National Park | Bear Lake - 9475 FT,,CO40,Rocky Mountain NP - Bear Lake Ranger Station,only_station,,,,Yes,,20250703 - Rocky Mountain National Park/2025-07-03__rocky-mtn-natl-park__bear-lake.jpg
20250816_chester-state-park/20250816__sc85__15826.jpg,2025-08-16,filename,15826,[Chester SP logo (bass)] |,,SC85,Chester SP - Ranger Station Kiosk,only_station,,,,Yes,,20250816__chester_state_park__fish.jpg
20250914_croft-state-park/20250914__sc60__15834.jpg,2025-09-14,filename,15834,"[Croft SP logo (hiker, equestrian, biker)] |",,SC60,Croft State Park - park office kiosk,only_station,,,,Yes,,20250914 - Croft State Park.jpg
20250919-20250926_san-diego/20250919__ca332__03782.jpg,2025-09-19,filename,03782,[Anza-Borrego Desert SP] | [freight wagon],,CA332,Old Town San Diego SHP - Visitor Center,same_day,,,,Yes,low confidence: freight wagon image stamp,20250919_26 - San Diego/20250919__historic_park__wagon.jpg
20250919-20250926_san-diego/20250919__ca332__15184.jpg,2025-09-19,filename,15184,[Old Town San Diego SHP] | [Estudillo House bell tower],,CA332,Old Town San Diego SHP - Visitor Center,only_station,,,,Yes,,20250919_26 - San Diego/20250919__historic_park__steeple.jpg
20250919-20250926_san-diego/20250919__ca332__18160.jpg,2025-09-19,filename,18160,LAS AMAPOLAS DE ORO | Old Town / San Diego / State / Historic / Park,,CA332,Old Town San Diego SHP - Visitor Center,only_station,,,,Yes,,20250919_26 - San Diego/20250919__historic_park__badge_volunteers.jpg
20250919-20250926_san-diego/20250920__ca340__15192.jpg,2025-09-20,filename,15192,[Torrey Pines SNR] | [Torrey Pine],,CA340,Torrey Pines SNR - Visitor Center (Lodge),only_station,,,,Yes,,20250919_26 - San Diego/20250920__torey_pines.jpg
20250919-20250926_san-diego/20250921__ca29__00260.jpg,2025-09-21,filename,00260,"Cabrillo National Monument | San Diego, CA",,CA29,Cabrillo NM - Visitor Center,only_station,,,,Yes,,20250919_26 - San Diego/20250921__cabrillo_national_monument.jpg
20250919-20250926_san-diego/20250921__ca29__03018.jpg,2025-09-21,filename,03018,"OLD POINT LOMA / LIGHTHOUSE | 1855 / SAN DIEGO, CALIFORNIA",,CA29,Cabrillo NM - Visitor Center,only_station,,,,Yes,,20250919_26 - San Diego/20250921__cabrillo_national_monument__loma_lighthouse__old.jpg
20250919-20250926_san-diego/20250921__ca29__12194.jpg,2025-09-21,filename,12194,NEW POINT LOMA LIGHTHOUSE | EST. 1891 / CALIFORNIA,,CA29,Cabrillo NM - Visitor Center,only_station,,,,Yes,,20250919_26 - San Diego/20250921__cabrillo_national_monument__loma_lighthouse__new.jpg
20251206_cheraw-state-park/20251206__sc84__15824.jpg,2025-12-06,trip_start,15824,[Cheraw SP logo (canoe)] |,,SC84,Cheraw SP - Main Office Kiosk,only_station,,,,Yes,,20251206 - Cheraw State Park/IMG_1682.jpg
20251215_yadkin-valley/20251215__nc149__15757.jpg,2025-12-15,photo,15757,YADKIN RIVER | NC STATE PARKS,,NC149,Yadkin Valley Heritage and Trails - Visitor Center,file_name,,,,Yes,,20251215 - New River and Yadkin/NC Passport - Yadkin River Trial - Elkin Visitor Center.jpg
20251215_yadkin-valley/20251215__nc149__16449.jpg,2025-12-15,filename,16449,"Overmountain Victory NHT | Elkin, NC",,NC149,Yadkin Valley Heritage and Trails - Visitor Center,only_station,,,,Yes,,20251215 - New River and Yadkin/20251215__overmountain_victory_nht__elkin_nc.jpg
20251222_caesars-head-state-park/20251222__ml2__15812.jpg,2025-12-22,photo_unverified,15812,[Caesars Head SP logo] |,,SC82,Caesars Head SP - Visitor Center,only_station,,ml2,,Yes,"likely mailed by SC State Parks; received date unknown (on or before the 2025-12-22 photo); NPTC site uses 2019-01-01, the earliest date it allows",caesers_head_sp__vc.jpg
20260102_haw-river-and-guilford-courthouse/20260102__nc112__15684.jpg,2026-01-02,filename,15684,HAW RIVER | NC STATE PARKS,,NC112,Haw River SP - Park Office,only_station,,,,Yes,,20260102 - Haw River and Guildford Courthouse/20260102__haw_river__nc_state_parks.jpg
20260102_haw-river-and-guilford-courthouse/20260102__nc9__13198.jpg,2026-01-02,filename,13198,"Hoskins Farmstead Guilford Courthouse NMP | Greensboro, NC",,NC9,Guilford Courthouse NMP - Visitor Center,only_station,,,,Yes,,20260102 - Haw River and Guildford Courthouse/20260102__hoskins_farmstead_guildford_courthhouse_nmp__greensboro_nc.jpg
20260102_haw-river-and-guilford-courthouse/20260102__nc9__17268.jpg,2026-01-02,filename,17268,Guilford Courthouse NMP | AMERICA / 250 / The American Revolution,,NC9,Guilford Courthouse NMP - Visitor Center,only_station,,,,Yes,,20260102 - Haw River and Guildford Courthouse/20260102__america_250__guildford_courthouse_nmp__the_american_revolution.jpg
20260123-20260125_amelia-island-and-cumberland-island/20260123__ga6__00559.jpg,2026-01-23,filename,00559,"Fort Frederica National Monument | St. Simons Island, GA",,GA6,Fort Frederica NM Visitor Center,only_station,,,,Yes,,20260123_25 - Amelia Island and Cumberland Island/20260123__fort_frederica_national_monument__st_simos_island_ga.jpg
20260123-20260125_amelia-island-and-cumberland-island/20260123__ga6__13552.jpg,2026-01-23,filename,13552,"Gullah Geechee National Heritage Corridor | Fort Frederica, NM",,GA6,Fort Frederica NM Visitor Center,only_station,,,,Yes,,20260123_25 - Amelia Island and Cumberland Island/20260123__gullah_geechee_national_heritage_corridor__fort_frederica_nm.jpg
20260123-20260125_amelia-island-and-cumberland-island/20260123__ga6__13650.jpg,2026-01-23,photo,13650,NATIONAL UNDERGROUND RAILROAD | Fort Frederica / NETWORK TO FREEDOM,,GA6,Fort Frederica NM Visitor Center,only_station,,,,Yes,stamp reads JAN 32 2026 (date band misset),20260123_25 - Amelia Island and Cumberland Island/underground.jpg
20260123-20260125_amelia-island-and-cumberland-island/20260123__ga6__17222.jpg,2026-01-23,photo,17222,Fort Frederica NM | AMERICA / 250 / The American Revolution,,GA6,Fort Frederica NM Visitor Center,only_station,,,,Yes,,20260123_25 - Amelia Island and Cumberland Island/america_250__fort_frederica_nm__the_america_revolution.jpg
20260123-20260125_amelia-island-and-cumberland-island/20260123__sc18__14025.jpg,2026-01-23,filename,14025,HARRIS NECK / _____________ / Date | National Wildlife Refuge,,SC18,Savannah NWR - Visitor Center,only_station,,,,Yes,,20260123_25 - Amelia Island and Cumberland Island/20260123__harris_neck__national_wildlife_refuge.jpg
20260123-20260125_amelia-island-and-cumberland-island/20260123__sc18__14027.jpg,2026-01-23,filename,14027,SAVANNAH / _______________ / Date | National Wildlife Refuge,,SC18,Savannah NWR - Visitor Center,only_station,,,,Yes,,20260123_25 - Amelia Island and Cumberland Island/20260123__savannah__national_wildlife_refuge.jpg
20260123-20260125_amelia-island-and-cumberland-island/20260124__fl115__16153.jpg,2026-01-24,filename,16153,FLORIDA STATE PARKS | FORT CLINCH,,FL115,Fort Clinch SP - Visitor Center,only_station,,,,Yes,,20260123_25 - Amelia Island and Cumberland Island/20260124__fl_state_park__fort_clinch.jpg
20260123-20260125_amelia-island-and-cumberland-island/20260124__fl115__16154.jpg,2026-01-24,filename,16154,FLORIDA STATE PARKS | AMELIA ISLAND,,FL115,Fort Clinch SP - Visitor Center,same_day,,,,Yes,,20260123_25 - Amelia Island and Cumberland Island/20260124__fl_state_park__amelia_island.jpg
20260123-20260125_amelia-island-and-cumberland-island/20260124__fl115__16155.jpg,2026-01-24,filename,16155,FLORIDA STATE PARKS | FERNANDINA / PLAZA,,FL115,Fort Clinch SP - Visitor Center,only_station,,,,Yes,,20260123_25 - Amelia Island and Cumberland Island/20260124__fl_state_park__fernandina_plaza.jpg
20260123-20260125_amelia-island-and-cumberland-island/20260124__fl71__10781.jpg,2026-01-24,photo,10781,AMELIA ISLAND LIGHTHOUSE / 18 39 | FLORIDA,,FL71,Fernandina Beach Parks and Recreation Department,only_station,,,,Yes,,20260123_25 - Amelia Island and Cumberland Island/amelia_island_lighthouse.jpg
20260123-20260125_amelia-island-and-cumberland-island/20260125__ga1__06993.jpg,2026-01-25,filename,06993,Gullah-Geechee Heritage Corridor | Cumberland Island NS,,GA1,Cumberland Island NS - Visitor Center,same_day,,,,Yes,,20260123_25 - Amelia Island and Cumberland Island/20260125__gullah_geechee_heritage_corridor__comberland_island_ns.jpg
20260123-20260125_amelia-island-and-cumberland-island/20260125__ga1__10775.jpg,2026-01-25,filename,10775,CUMBERLAND ISLAND | GEORGIA / E PLURIBUS UNUM / 2018 / NATIONAL SEASHORE,,GA1,Cumberland Island NS - Visitor Center,only_station,,,,Yes,,20260123_25 - Amelia Island and Cumberland Island/20260125__bird__cumberland_island__national_seashore.jpg
20260123-20260125_amelia-island-and-cumberland-island/20260125__ga1__11877.jpg,2026-01-25,filename,11877,"Cumberland Island National Seashore | St. Marys, Georgia",,GA1,Cumberland Island NS - Visitor Center,file_name,,,,Yes,,20260123_25 - Amelia Island and Cumberland Island/20260125__cumberland_island_national_seashore__st_marys_georgia.jpg
20260123-20260125_amelia-island-and-cumberland-island/20260125__ga1__17192.jpg,2026-01-25,filename,17192,Cumberland Island NS | AMERICA / 250 / The American Revolution,,GA1,Cumberland Island NS - Visitor Center,only_station,,,,Yes,,20260123_25 - Amelia Island and Cumberland Island/america_250__cumberland_island_ns__the_america_revolution.jpg
20260123-20260125_amelia-island-and-cumberland-island/20260125__ga22__03433.jpg,2026-01-25,filename,03433,CUMBERLAND | ISLAND,,GA22,Cumberland Island NS - Sea Camp Ranger Station on Cumberland Island,only_station,,,,Yes,,20260123_25 - Amelia Island and Cumberland Island/20260125__cumberland_island_outline.jpg
20260307_mayo-river-state-park/20260307__nc120__15692.jpg,2026-03-07,filename,15692,MAYO RIVER | NC STATE PARKS,,NC120,Mayo River SP - Park Office,only_station,,,,Yes,,20260307__nc_state_park__mayo_river.jpg
20260421-20260425_san-antonio-and-texas-hill-country/20260421__tx30__02804.jpg,2026-04-21,filename,02804,| Mission San José,,TX30,San Antonio Missions NHP - Mission San Jose Visitor Center,file_name,,,,Yes,low confidence: smudged Mission San José image stamp,20260421_27 - San Antonio and Texas Hill Country/2026-04-21/Mission San Jose/20260421__mission_san_jose.jpg
20260421-20260425_san-antonio-and-texas-hill-country/20260421__tx30__08948.jpg,2026-04-21,filename,08948,"San Antonio Missions NHP | San Antonio, TX",,TX30,San Antonio Missions NHP - Mission San Jose Visitor Center,file_name,,,,Yes,,20260421_27 - San Antonio and Texas Hill Country/2026-04-21/Mission San Jose/20260421__san_antonio_mission_nhp__san_antonio_tx.jpg
20260421-20260425_san-antonio-and-texas-hill-country/20260421__tx30__13274.jpg,2026-04-21,filename,13274,El Camino Real de los Tejas | National Historic Trail,,TX30,San Antonio Missions NHP - Mission San Jose Visitor Center,file_name,,,,Yes,,20260421_27 - San Antonio and Texas Hill Country/2026-04-21/Mission San Jose/20260421__el_camino_real_de_los_tejas__national_historic_trail.jpg
20260421-20260425_san-antonio-and-texas-hill-country/20260421__tx30__13321.jpg,2026-04-21,filename,13321,Rancho de las Cabras | San Antonio Missions NHP,,TX30,San Antonio Missions NHP - Mission San Jose Visitor Center,file_name,,,,Yes,,20260421_27 - San Antonio and Texas Hill Country/2026-04-21/Mission San Jose/20260421__rancho_de_las_cabras__san_antonio_missions_nhp.jpg
20260421-20260425_san-antonio-and-texas-hill-country/20260421__tx30__17410.jpg,2026-04-21,filename,17410,San Antonio Missions NHP | AMERICA / 250 / The American Revolution,,TX30,San Antonio Missions NHP - Mission San Jose Visitor Center,file_name,,,,Yes,,20260421_27 - San Antonio and Texas Hill Country/2026-04-21/Mission San Jose/20260421__america_250__san_antonio_missions_nhp__the_american_revolution.jpg
20260421-20260425_san-antonio-and-texas-hill-country/20260421__tx6__02839.jpg,2026-04-21,filename,02839,| Mission Concepción,,TX6,San Antonio Missions NHP - Mission Concepcion Information Center,file_name,,,,Yes,,20260421_27 - San Antonio and Texas Hill Country/2026-04-21/Mission Concepcion/20260421__mission_conception.jpg
20260421-20260425_san-antonio-and-texas-hill-country/20260423__tx42__03880.jpg,2026-04-23,filename,03880,"El Camino Real de los Tejas NHT | Casa Navarro SHS, TX",,TX42,Casa Navarro SHS - Admissions Counter,only_station,,,,Yes,,20260421_27 - San Antonio and Texas Hill Country/2026-04-23/Casa Navarro/20260423__el_camino_real_de_los_tejas_nht__casa_navarro_shs_tx.jpg
20260421-20260425_san-antonio-and-texas-hill-country/20260423__tx42__05409.jpg,2026-04-23,subfolder,05409,I VISITED | CASA / NAVARRO!,,TX42,Casa Navarro SHS - Admissions Counter,only_station,,,,Yes,,20260421_27 - San Antonio and Texas Hill Country/2026-04-23/Casa Navarro/i_visited_casa_navarro.jpg
20260421-20260425_san-antonio-and-texas-hill-country/20260423__tx42__13187.jpg,2026-04-23,subfolder,13187,TEXAS HISTORICAL COMMISSION | CASA / NAVARRO / STATE HISTORIC SITE,,TX42,Casa Navarro SHS - Admissions Counter,only_station,,,,Yes,,20260421_27 - San Antonio and Texas Hill Country/2026-04-23/Casa Navarro/casa_navarro__texas_historical_commission.jpg
20260421-20260425_san-antonio-and-texas-hill-country/20260424__tx10__12479.jpg,2026-04-24,filename,12479,"Lyndon B. Johnson NHP | Johnson City, Texas",,TX10,Lyndon B Johnson NHP Visitor Center,only_station,,,,Yes,,20260421_27 - San Antonio and Texas Hill Country/2026-04-24/20260424__lyndon_b_johnson_nhp__johnson_city_texas.jpg
20260421-20260425_san-antonio-and-texas-hill-country/20260424__tx10__17323.jpg,2026-04-24,filename,17323,Lyndon B. Johnson NHP | AMERICA / 250 / The American Revolution,,TX10,Lyndon B Johnson NHP Visitor Center,only_station,,,,Yes,,20260421_27 - San Antonio and Texas Hill Country/2026-04-24/20260424__america_250__lyndon_b_johnson_nhp__the_american_revolution.jpg
20260421-20260425_san-antonio-and-texas-hill-country/20260425__tx11__12461.jpg,2026-04-25,filename,12461,Lyndon B. Johnson | State Park & Historic Site / Sauer-Beckmann / Living History Farm,,TX11,Lyndon B Johnson SP & SHS - Visitor Center,only_station,,,,Yes,,20260421_27 - San Antonio and Texas Hill Country/2026-04-25/20260425__lyndon_b_johnson_state_park_and_historic_site__saur_beokmann_living_history_farm.jpg
20260421-20260425_san-antonio-and-texas-hill-country/20260425__tx11__14945.jpg,2026-04-25,subfolder,14945,LBJ | STATE PARK / & HISTORIC / SITE,,TX11,Lyndon B Johnson SP & SHS - Visitor Center,only_station,,,,Yes,,20260421_27 - San Antonio and Texas Hill Country/2026-04-25/lbj__state_park_and_historic_site.jpg
20260421-20260425_san-antonio-and-texas-hill-country/20260425__tx97__00640.jpg,2026-04-25,filename,00640,"Lyndon B. Johnson NHP | LBJ Ranch, Stonewall, TX",,TX97,Lyndon B. Johnson NHP Junction School,file_name,,,,Yes,,20260421_27 - San Antonio and Texas Hill Country/2026-04-25/20260426__lyndon_b_johnson_nhp__lbj_ranch_stonewall_tx.jpg
20260618_golden-gate-lands-end/20260618__ca18__03458.jpg,2026-06-18,filename,03458,"GGNRA - Lands End | San Francisco, CA",,CA18,Golden Gate NRA - Lands End Lookout Visitor Center,only_station,,,,Yes,,20260618__ggnra_lands_end__san_fransisco_ca.jpg
20260918-20260919_new-york-city/20260918__ny101__11045.jpg,2026-09-18,filename,11045,General Grant N MEM | 2019 - 2027 / 150th Anniversary Of Grant's Presidency,,NY101,General Grant NMEM - Visitor Center,same_day,,,,Yes,,20260918_19 - New York City/20260918__general_grant_n_mem__150th_anniversay_of_grants_preseidency__2019_2027.jpg
20260918-20260919_new-york-city/20260918__ny101__17247.jpg,2026-09-18,filename,17247,General Grant N MEM | AMERICA / 250 / The American Revolution,,NY101,General Grant NMEM - Visitor Center,only_station,,,,Yes,,20260918_19 - New York City/20260918__general_grant_n_mem__the_american_revolution__ameica_250.jpg
20260918-20260919_new-york-city/20260918__ny22__09219.jpg,2026-09-18,filename,09219,"General Grant National Memorial | New York, NY",,NY22,General Grant NMEM - Mausoleum Info Desk,file_name,,,,Yes,,20260918_19 - New York City/20260918__general_grant_national_memorial__new_york_ny.jpg
20260918-20260919_new-york-city/20260919__ny61__09199.jpg,2026-09-19,filename,09199,"Theodore Roosevelt Birthplace NHS | New York, NY",,NY61,Theodore Roosevelt Birthplace NHS Basement Museum Ranger Desk,same_day,,,,Yes,,20260918_19 - New York City/20260919__theodore_roosevelt_birthplace_nhs__new_york_ny.jpg
20260918-20260919_new-york-city/20260919__ny61__17432.jpg,2026-09-19,filename,17432,Theodore Roosevelt Birthplace NHS | AMERICA / 250 / The American Revolution,,NY61,Theodore Roosevelt Birthplace NHS Basement Museum Ranger Desk,only_station,,,,Yes,,20260918_19 - New York City/20260919__theodore_roosevelt_birthplace_nhs__the_american_revolution__ameica_250.jpg
